a	a ˧
ad	a ˧
adn	a n ˧
ai	a j ˧
ak	a ˧
album	a u m ˧
am	a m ˧
an	a n ˧
ang	a ŋ̚ ˧
anh	a ɲ̚ ˧
ao	a w ˧
asean	a ɛ a n ˧
au	a w ˧
b	spn
ba	b a ˧
bai	b a j ˧
ban	b a n ˧
bang	b a ŋ̚ ˧
banh	b a ɲ̚ ˧
bao	b a w ˧
bar	b a ˧
bay	b a j ˧
be	b ɛ ˧
ben	b ɛ n ˧
beo	b ɛ w ˧
bi	b i ˧
bia	b i a ˧
bin	b i n ˧
binh	b i ɲ̚ ˧
biên	b i e n ˧
biếm	b i e m ˧˥
biến	b i e n ˧˥
biếng	b i e ŋ̚ ˧˥
biết	b i e t̚ ˧˥
biếu	b i e w ˧˥
biền	b i e n ˨˩
biển	b i e n ˧˩˧
biểu	b i e w ˧˩˧
biện	b i e n ˨˩ʔ
biệt	b i e t̚ ˨˩ʔ
bo	b ɔ ˧
bom	b ɔ m ˧
bon	b ɔ n ˧
bong	b ɔ ŋ̚ ˧
bu	b u ˧
bun	b u n ˧
bung	b u ŋ̚ ˧
buôn	b u o n ˧
buông	b u o ŋ̚ ˧
buýt	b u i t̚ ˧˥
buốt	b u o t̚ ˧˥
buồm	b u o m ˨˩
buồn	b u o n ˨˩
buồng	b u o ŋ̚ ˨˩
buổi	b u o j ˧˩˧
buộc	b u o k̚ ˨˩ʔ
bà	b a ˨˩
bài	b a j ˨˩
bàn	b a n ˨˩
bàng	b a ŋ̚ ˨˩
bành	b a ɲ̚ ˨˩
bào	b a w ˨˩
bày	b a j ˨˩
bá	b a ˧˥
bác	b a k̚ ˧˥
bách	b a k̚ ˧˥
bái	b a j ˧˥
bám	b a m ˧˥
bán	b a n ˧˥
bánh	b a ɲ̚ ˧˥
báo	b a w ˧˥
bát	b a t̚ ˧˥
báu	b a w ˧˥
bân	b ə n ˧
bâng	b ə ŋ̚ ˧
bâu	b ə w ˧
bây	b ə j ˧
bã	b a ˧˥ʔ
bãi	b a j ˧˥ʔ
bão	b a w ˧˥ʔ
bè	b ɛ ˨˩
bèn	b ɛ n ˨˩
bèo	b ɛ w ˨˩
bé	b ɛ ˧˥
bén	b ɛ n ˧˥
béng	b ɛ ŋ̚ ˧˥
béo	b ɛ w ˧˥
bét	b ɛ t̚ ˧˥
bê	b e ˧
bên	b e n ˧
bênh	b e ɲ̚ ˧
bêu	b e w ˧
bì	b i ˨˩
bìa	b i a ˨˩
bìm	b i m ˨˩
bình	b i ɲ̚ ˨˩
bìu	b i w ˨˩
bí	b i ˧˥
bích	b i k̚ ˧˥
bít	b i t̚ ˧˥
bò	b ɔ ˨˩
bòn	b ɔ n ˨˩
bòng	b ɔ ŋ̚ ˨˩
bó	b ɔ ˧˥
bóc	b ɔ k̚ ˧˥
bói	b ɔ j ˧˥
bón	b ɔ n ˧˥
bóng	b ɔ ŋ̚ ˧˥
bóp	b ɔ p̚ ˧˥
bô	b o ˧
bôi	b o j ˧
bôn	b o n ˧
bông	b o ŋ̚ ˧
bõm	b ɔ m ˧˥ʔ
bù	b u ˨˩
bùa	b u a ˨˩
bùi	b u j ˨˩
bùn	b u n ˨˩
bùng	b u ŋ̚ ˨˩
bú	b u ˧˥
búa	b u a ˧˥
búi	b u j ˧˥
bún	b u n ˧˥
búng	b u ŋ̚ ˧˥
búp	b u p̚ ˧˥
bút	b u t̚ ˧˥
băm	b ɐ m ˧
băn	b ɐ n ˧
băng	b ɐ ŋ̚ ˧
bĩ	b i ˧˥ʔ
bơ	b ɤ ˧
bơi	b ɤ j ˧
bơm	b ɤ m ˧
bưng	b ɯ ŋ̚ ˧
bưu	b ɯ w ˧
bươu	b ɯ ɤ w ˧
bước	b ɯ ɤ k̚ ˧˥
bướm	b ɯ ɤ m ˧˥
bướng	b ɯ ɤ ŋ̚ ˧˥
bướu	b ɯ ɤ w ˧˥
bưởi	b ɯ ɤ j ˧˩˧
bạ	b a ˨˩ʔ
bạc	b a k̚ ˨˩ʔ
bạch	b a k̚ ˨˩ʔ
bại	b a j ˨˩ʔ
bạn	b a n ˨˩ʔ
bạnh	b a ɲ̚ ˨˩ʔ
bạo	b a w ˨˩ʔ
bạt	b a t̚ ˨˩ʔ
bả	b a ˧˩˧
bản	b a n ˧˩˧
bảng	b a ŋ̚ ˧˩˧
bảnh	b a ɲ̚ ˧˩˧
bảo	b a w ˧˩˧
bảy	b a j ˧˩˧
bấc	b ə k̚ ˧˥
bấm	b ə m ˧˥
bấn	b ə n ˧˥
bấp	b ə p̚ ˧˥
bất	b ə t̚ ˧˥
bấy	b ə j ˧˥
bầm	b ə m ˨˩
bần	b ə n ˨˩
bầu	b ə w ˨˩
bầy	b ə j ˨˩
bẩm	b ə m ˧˩˧
bẩn	b ə n ˧˩˧
bẩy	b ə j ˧˩˧
bẫm	b ə m ˧˥ʔ
bẫy	b ə j ˧˥ʔ
bậc	b ə k̚ ˨˩ʔ
bận	b ə n ˨˩ʔ
bập	b ə p̚ ˨˩ʔ
bật	b ə t̚ ˨˩ʔ
bậy	b ə j ˨˩ʔ
bắc	b ɐ k̚ ˧˥
bắn	b ɐ n ˧˥
bắp	b ɐ p̚ ˧˥
bắt	b ɐ t̚ ˧˥
bằm	b ɐ m ˨˩
bằng	b ɐ ŋ̚ ˨˩
bặm	b ɐ m ˨˩ʔ
bặt	b ɐ t̚ ˨˩ʔ
bẹ	b ɛ ˨˩ʔ
bẹn	b ɛ n ˨˩ʔ
bẹp	b ɛ p̚ ˨˩ʔ
bẹt	b ɛ t̚ ˨˩ʔ
bẻ	b ɛ ˧˩˧
bẽ	b ɛ ˧˥ʔ
bẽo	b ɛ w ˧˥ʔ
bế	b e ˧˥
bến	b e n ˧˥
bếp	b e p̚ ˧˥
bết	b e t̚ ˧˥
bề	b e ˨˩
bền	b e n ˨˩
bềnh	b e ɲ̚ ˨˩
bể	b e ˧˩˧
bệ	b e ˨˩ʔ
bệnh	b e ɲ̚ ˨˩ʔ
bệt	b e t̚ ˨˩ʔ
bỉ	b i ˧˩˧
bỉm	b i m ˧˩˧
bỉnh	b i ɲ̚ ˧˩˧
bỉu	b i w ˧˩˧
bị	b i ˨˩ʔ
bịa	b i a ˨˩ʔ
bịch	b i k̚ ˨˩ʔ
bịp	b i p̚ ˨˩ʔ
bịt	b i t̚ ˨˩ʔ
bịu	b i w ˨˩ʔ
bọ	b ɔ ˨˩ʔ
bọc	b ɔ k̚ ˨˩ʔ
bọn	b ɔ n ˨˩ʔ
bọng	b ɔ ŋ̚ ˨˩ʔ
bọt	b ɔ t̚ ˨˩ʔ
bỏ	b ɔ ˧˩˧
bỏng	b ɔ ŋ̚ ˧˩˧
bố	b o ˧˥
bốc	b o k̚ ˧˥
bối	b o j ˧˥
bốn	b o n ˧˥
bốt	b o t̚ ˧˥
bồ	b o ˨˩
bồi	b o j ˨˩
bồn	b o n ˨˩
bồng	b o ŋ̚ ˨˩
bổ	b o ˧˩˧
bổn	b o n ˧˩˧
bổng	b o ŋ̚ ˧˩˧
bỗng	b o ŋ̚ ˧˥ʔ
bộ	b o ˨˩ʔ
bộc	b o k̚ ˨˩ʔ
bội	b o j ˨˩ʔ
bột	b o t̚ ˨˩ʔ
bới	b ɤ j ˧˥
bớt	b ɤ t̚ ˧˥
bờ	b ɤ ˨˩
bời	b ɤ j ˨˩
bở	b ɤ ˧˩˧
bởi	b ɤ j ˧˩˧
bụ	b u ˨˩ʔ
bục	b u k̚ ˨˩ʔ
bụi	b u j ˨˩ʔ
bụng	b u ŋ̚ ˨˩ʔ
bụp	b u p̚ ˨˩ʔ
bụt	b u t̚ ˨˩ʔ
bủa	b u a ˧˩˧
bức	b ɯ k̚ ˧˥
bứt	b ɯ t̚ ˧˥
bừa	b ɯ a ˨˩
bừng	b ɯ ŋ̚ ˨˩
bửu	b ɯ w ˧˩˧
bữa	b ɯ a ˧˥ʔ
bự	b ɯ ˨˩ʔ
bực	b ɯ k̚ ˨˩ʔ
c	spn
ca	k a ˧
cai	k a j ˧
calo	k a w ˧
cam	k a m ˧
can	k a n ˧
canh	k a ɲ̚ ˧
canxi	k a j ˧
cao	k a w ˧
casino	k a i w ˧
cau	k a w ˧
cay	k a j ˧
cha	tɕ a ˧
chai	tɕ a j ˧
chan	tɕ a n ˧
chanh	tɕ a ɲ̚ ˧
chao	tɕ a w ˧
chau	tɕ a w ˧
chay	tɕ a j ˧
che	tɕ ɛ ˧
chen	tɕ ɛ n ˧
cheo	tɕ ɛ w ˧
chi	tɕ i ˧
chia	tɕ i a ˧
chim	tɕ i m ˧
chinh	tɕ i ɲ̚ ˧
chiu	tɕ i w ˧
chiêm	tɕ i e m ˧
chiên	tɕ i e n ˧
chiêng	tɕ i e ŋ̚ ˧
chiêu	tɕ i e w ˧
chiếc	tɕ i e k̚ ˧˥
chiếm	tɕ i e m ˧˥
chiến	tɕ i e n ˧˥
chiết	tɕ i e t̚ ˧˥
chiếu	tɕ i e w ˧˥
chiều	tɕ i e w ˨˩
chiểu	tɕ i e w ˧˩˧
cho	tɕ ɔ ˧
choang	tɕ ɔ a ŋ̚ ˧
choi	tɕ ɔ j ˧
chon	tɕ ɔ n ˧
choàng	tɕ ɔ a ŋ̚ ˨˩
choán	tɕ ɔ a n ˧˥
choáng	tɕ ɔ a ŋ̚ ˧˥
chu	tɕ u ˧
chua	tɕ u a ˧
chui	tɕ u j ˧
chun	tɕ u n ˧
chung	tɕ u ŋ̚ ˧
chuyên	tɕ u i e n ˧
chuyến	tɕ u i e n ˧˥
chuyền	tɕ u i e n ˨˩
chuyển	tɕ u i e n ˧˩˧
chuyện	tɕ u i e n ˨˩ʔ
chuông	tɕ u o ŋ̚ ˧
chuẩn	tɕ u ə n ˧˩˧
chuốc	tɕ u o k̚ ˧˥
chuối	tɕ u o j ˧˥
chuốt	tɕ u o t̚ ˧˥
chuồn	tɕ u o n ˨˩
chuồng	tɕ u o ŋ̚ ˨˩
chuỗi	tɕ u o j ˧˥ʔ
chuộc	tɕ u o k̚ ˨˩ʔ
chuộng	tɕ u o ŋ̚ ˨˩ʔ
chuột	tɕ u o t̚ ˨˩ʔ
chà	tɕ a ˨˩
chài	tɕ a j ˨˩
chàm	tɕ a m ˨˩
chàng	tɕ a ŋ̚ ˨˩
chành	tɕ a ɲ̚ ˨˩
chào	tɕ a w ˨˩
chác	tɕ a k̚ ˧˥
chán	tɕ a n ˧˥
chánh	tɕ a ɲ̚ ˧˥
cháo	tɕ a w ˧˥
chát	tɕ a t̚ ˧˥
cháu	tɕ a w ˧˥
cháy	tɕ a j ˧˥
châm	tɕ ə m ˧
chân	tɕ ə n ˧
châu	tɕ ə w ˧
chãi	tɕ a j ˧˥ʔ
chè	tɕ ɛ ˨˩
chèn	tɕ ɛ n ˨˩
chèo	tɕ ɛ w ˨˩
chém	tɕ ɛ m ˧˥
chén	tɕ ɛ n ˧˥
chéo	tɕ ɛ w ˧˥
chép	tɕ ɛ p̚ ˧˥
chét	tɕ ɛ t̚ ˧˥
chê	tɕ e ˧
chênh	tɕ e ɲ̚ ˧
chì	tɕ i ˨˩
chìa	tɕ i a ˨˩
chìm	tɕ i m ˨˩
chình	tɕ i ɲ̚ ˨˩
chí	tɕ i ˧˥
chích	tɕ i k̚ ˧˥
chím	tɕ i m ˧˥
chín	tɕ i n ˧˥
chính	tɕ i ɲ̚ ˧˥
chít	tɕ i t̚ ˧˥
chòi	tɕ ɔ j ˨˩
chòm	tɕ ɔ m ˨˩
chó	tɕ ɔ ˧˥
chóc	tɕ ɔ k̚ ˧˥
chói	tɕ ɔ j ˧˥
chóng	tɕ ɔ ŋ̚ ˧˥
chót	tɕ ɔ t̚ ˧˥
chôm	tɕ o m ˧
chôn	tɕ o n ˧
chông	tɕ o ŋ̚ ˧
chùa	tɕ u a ˨˩
chùi	tɕ u j ˨˩
chùm	tɕ u m ˨˩
chùng	tɕ u ŋ̚ ˨˩
chú	tɕ u ˧˥
chúa	tɕ u a ˧˥
chúc	tɕ u k̚ ˧˥
chúm	tɕ u m ˧˥
chúng	tɕ u ŋ̚ ˧˥
chút	tɕ u t̚ ˧˥
chăm	tɕ ɐ m ˧
chăn	tɕ ɐ n ˧
chăng	tɕ ɐ ŋ̚ ˧
chĩa	tɕ i a ˧˥ʔ
chơ	tɕ ɤ ˧
chơi	tɕ ɤ j ˧
chư	tɕ ɯ ˧
chưa	tɕ ɯ a ˧
chưng	tɕ ɯ ŋ̚ ˧
chương	tɕ ɯ ɤ ŋ̚ ˧
chước	tɕ ɯ ɤ k̚ ˧˥
chướng	tɕ ɯ ɤ ŋ̚ ˧˥
chườm	tɕ ɯ ɤ m ˨˩
chường	tɕ ɯ ɤ ŋ̚ ˨˩
chưởng	tɕ ɯ ɤ ŋ̚ ˧˩˧
chạc	tɕ a k̚ ˨˩ʔ
chạm	tɕ a m ˨˩ʔ
chạp	tɕ a p̚ ˨˩ʔ
chạy	tɕ a j ˨˩ʔ
chả	tɕ a ˧˩˧
chải	tɕ a j ˧˩˧
chảnh	tɕ a ɲ̚ ˧˩˧
chảo	tɕ a w ˧˩˧
chảy	tɕ a j ˧˩˧
chấm	tɕ ə m ˧˥
chấn	tɕ ə n ˧˥
chấp	tɕ ə p̚ ˧˥
chất	tɕ ə t̚ ˧˥
chầm	tɕ ə m ˨˩
chần	tɕ ə n ˨˩
chẩn	tɕ ə n ˧˩˧
chậm	tɕ ə m ˨˩ʔ
chập	tɕ ə p̚ ˨˩ʔ
chật	tɕ ə t̚ ˨˩ʔ
chậu	tɕ ə w ˨˩ʔ
chắc	tɕ ɐ k̚ ˧˥
chắn	tɕ ɐ n ˧˥
chắp	tɕ ɐ p̚ ˧˥
chắt	tɕ ɐ t̚ ˧˥
chằm	tɕ ɐ m ˨˩
chằng	tɕ ɐ ŋ̚ ˨˩
chẳng	tɕ ɐ ŋ̚ ˧˩˧
chặn	tɕ ɐ n ˨˩ʔ
chặng	tɕ ɐ ŋ̚ ˨˩ʔ
chặt	tɕ ɐ t̚ ˨˩ʔ
chẻ	tɕ ɛ ˧˩˧
chẽ	tɕ ɛ ˧˥ʔ
chế	tɕ e ˧˥
chếch	tɕ e k̚ ˧˥
chết	tɕ e t̚ ˧˥
chỉ	tɕ i ˧˩˧
chỉn	tɕ i n ˧˩˧
chỉnh	tɕ i ɲ̚ ˧˩˧
chị	tɕ i ˨˩ʔ
chịt	tɕ i t̚ ˨˩ʔ
chịu	tɕ i w ˨˩ʔ
chọc	tɕ ɔ k̚ ˨˩ʔ
chọi	tɕ ɔ j ˨˩ʔ
chọn	tɕ ɔ n ˨˩ʔ
chỏng	tɕ ɔ ŋ̚ ˧˩˧
chốc	tɕ o k̚ ˧˥
chối	tɕ o j ˧˥
chốn	tɕ o n ˧˥
chống	tɕ o ŋ̚ ˧˥
chốt	tɕ o t̚ ˧˥
chồm	tɕ o m ˨˩
chồn	tɕ o n ˨˩
chồng	tɕ o ŋ̚ ˨˩
chổi	tɕ o j ˧˩˧
chỗ	tɕ o ˧˥ʔ
chội	tɕ o j ˨˩ʔ
chột	tɕ o t̚ ˨˩ʔ
chớ	tɕ ɤ ˧˥
chớp	tɕ ɤ p̚ ˧˥
chờ	tɕ ɤ ˨˩
chở	tɕ ɤ ˧˩˧
chợ	tɕ ɤ ˨˩ʔ
chợt	tɕ ɤ t̚ ˨˩ʔ
chục	tɕ u k̚ ˨˩ʔ
chụm	tɕ u m ˨˩ʔ
chụp	tɕ u p̚ ˨˩ʔ
chủ	tɕ u ˧˩˧
chủng	tɕ u ŋ̚ ˧˩˧
chứ	tɕ ɯ ˧˥
chứa	tɕ ɯ a ˧˥
chức	tɕ ɯ k̚ ˧˥
chứng	tɕ ɯ ŋ̚ ˧˥
chừ	tɕ ɯ ˨˩
chừa	tɕ ɯ a ˨˩
chừng	tɕ ɯ ŋ̚ ˨˩
chửa	tɕ ɯ a ˧˩˧
chửi	tɕ ɯ j ˧˩˧
chửng	tɕ ɯ ŋ̚ ˧˩˧
chữ	tɕ ɯ ˧˥ʔ
chữa	tɕ ɯ a ˧˥ʔ
chững	tɕ ɯ ŋ̚ ˧˥ʔ
co	k ɔ ˧
coca	k ɔ a ˧
coi	k ɔ j ˧
com	k ɔ m ˧
con	k ɔ n ˧
cong	k ɔ ŋ̚ ˧
cs	spn
cu	k u ˧
cua	k u a ˧
cung	k u ŋ̚ ˧
cuông	k u o ŋ̚ ˧
cuốc	k u o k̚ ˧˥
cuối	k u o j ˧˥
cuốn	k u o n ˧˥
cuống	k u o ŋ̚ ˧˥
cuồn	k u o n ˨˩
cuồng	k u o ŋ̚ ˨˩
cuộc	k u o k̚ ˨˩ʔ
cuội	k u o j ˨˩ʔ
cuộn	k u o n ˨˩ʔ
cà	k a ˨˩
cài	k a j ˨˩
càn	k a n ˨˩
càng	k a ŋ̚ ˨˩
cành	k a ɲ̚ ˨˩
cào	k a w ˨˩
càu	k a w ˨˩
cày	k a j ˨˩
cá	k a ˧˥
các	k a k̚ ˧˥
cách	k a k̚ ˧˥
cái	k a j ˧˥
cám	k a m ˧˥
cán	k a n ˧˥
cáng	k a ŋ̚ ˧˥
cánh	k a ɲ̚ ˧˥
cáo	k a w ˧˥
cáp	k a p̚ ˧˥
cát	k a t̚ ˧˥
cáu	k a w ˧˥
câm	k ə m ˧
cân	k ə n ˧
câu	k ə w ˧
cây	k ə j ˧
cãi	k a j ˧˥ʔ
cò	k ɔ ˨˩
còi	k ɔ j ˨˩
còm	k ɔ m ˨˩
còn	k ɔ n ˨˩
còng	k ɔ ŋ̚ ˨˩
có	k ɔ ˧˥
cóc	k ɔ k̚ ˧˥
cóng	k ɔ ŋ̚ ˧˥
cóp	k ɔ p̚ ˧˥
cô	k o ˧
côi	k o j ˧
côn	k o n ˧
công	k o ŋ̚ ˧
cõi	k ɔ j ˧˥ʔ
cõng	k ɔ ŋ̚ ˧˥ʔ
cù	k u ˨˩
cùa	k u a ˨˩
cùm	k u m ˨˩
cùng	k u ŋ̚ ˨˩
cú	k u ˧˥
cúc	k u k̚ ˧˥
cúi	k u j ˧˥
cúm	k u m ˧˥
cún	k u n ˧˥
cúng	k u ŋ̚ ˧˥
cúp	k u p̚ ˧˥
cút	k u t̚ ˧˥
căm	k ɐ m ˧
căn	k ɐ n ˧
căng	k ɐ ŋ̚ ˧
cũ	k u ˧˥ʔ
cũn	k u n ˧˥ʔ
cũng	k u ŋ̚ ˧˥ʔ
cơ	k ɤ ˧
cơi	k ɤ j ˧
cơm	k ɤ m ˧
cơn	k ɤ n ˧
cư	k ɯ ˧
cưa	k ɯ a ˧
cưng	k ɯ ŋ̚ ˧
cưu	k ɯ w ˧
cương	k ɯ ɤ ŋ̚ ˧
cước	k ɯ ɤ k̚ ˧˥
cưới	k ɯ ɤ j ˧˥
cướp	k ɯ ɤ p̚ ˧˥
cười	k ɯ ɤ j ˨˩
cường	k ɯ ɤ ŋ̚ ˨˩
cưỡi	k ɯ ɤ j ˧˥ʔ
cưỡng	k ɯ ɤ ŋ̚ ˧˥ʔ
cược	k ɯ ɤ k̚ ˨˩ʔ
cạc	k a k̚ ˨˩ʔ
cạch	k a k̚ ˨˩ʔ
cạm	k a m ˨˩ʔ
cạn	k a n ˨˩ʔ
cạnh	k a ɲ̚ ˨˩ʔ
cạo	k a w ˨˩ʔ
cạy	k a j ˨˩ʔ
cả	k a ˧˩˧
cải	k a j ˧˩˧
cảm	k a m ˧˩˧
cản	k a n ˧˩˧
cảng	k a ŋ̚ ˧˩˧
cảnh	k a ɲ̚ ˧˩˧
cấm	k ə m ˧˥
cấn	k ə n ˧˥
cấp	k ə p̚ ˧˥
cất	k ə t̚ ˧˥
cấu	k ə w ˧˥
cấy	k ə j ˧˥
cầm	k ə m ˨˩
cần	k ə n ˨˩
cầu	k ə w ˨˩
cầy	k ə j ˨˩
cẩm	k ə m ˧˩˧
cẩn	k ə n ˧˩˧
cẩu	k ə w ˧˩˧
cận	k ə n ˨˩ʔ
cập	k ə p̚ ˨˩ʔ
cậu	k ə w ˨˩ʔ
cậy	k ə j ˨˩ʔ
cắc	k ɐ k̚ ˧˥
cắm	k ɐ m ˧˥
cắn	k ɐ n ˧˥
cắp	k ɐ p̚ ˧˥
cắt	k ɐ t̚ ˧˥
cằm	k ɐ m ˨˩
cằn	k ɐ n ˨˩
cặm	k ɐ m ˨˩ʔ
cặn	k ɐ n ˨˩ʔ
cặp	k ɐ p̚ ˨˩ʔ
cọ	k ɔ ˨˩ʔ
cọc	k ɔ k̚ ˨˩ʔ
cọng	k ɔ ŋ̚ ˨˩ʔ
cỏ	k ɔ ˧˩˧
cỏi	k ɔ j ˧˩˧
cố	k o ˧˥
cốc	k o k̚ ˧˥
cối	k o j ˧˥
cốm	k o m ˧˥
cống	k o ŋ̚ ˧˥
cốp	k o p̚ ˧˥
cốt	k o t̚ ˧˥
cồn	k o n ˨˩
cồng	k o ŋ̚ ˨˩
cổ	k o ˧˩˧
cổng	k o ŋ̚ ˧˩˧
cỗ	k o ˧˥ʔ
cộ	k o ˨˩ʔ
cội	k o j ˨˩ʔ
cộm	k o m ˨˩ʔ
cộng	k o ŋ̚ ˨˩ʔ
cộp	k o p̚ ˨˩ʔ
cột	k o t̚ ˨˩ʔ
cớ	k ɤ ˧˥
cờ	k ɤ ˨˩
cởi	k ɤ j ˧˩˧
cỡ	k ɤ ˧˥ʔ
cỡn	k ɤ n ˧˥ʔ
cợt	k ɤ t̚ ˨˩ʔ
cụ	k u ˨˩ʔ
cục	k u k̚ ˨˩ʔ
cụi	k u j ˨˩ʔ
cụm	k u m ˨˩ʔ
cụp	k u p̚ ˨˩ʔ
cụt	k u t̚ ˨˩ʔ
củ	k u ˧˩˧
của	k u a ˧˩˧
củanh	k u a ɲ̚ ˧˩˧
củi	k u j ˧˩˧
củng	k u ŋ̚ ˧˩˧
cứ	k ɯ ˧˥
cứa	k ɯ a ˧˥
cứng	k ɯ ŋ̚ ˧˥
cứu	k ɯ w ˧˥
cừ	k ɯ ˨˩
cừu	k ɯ w ˨˩
cử	k ɯ ˧˩˧
cửa	k ɯ a ˧˩˧
cửu	k ɯ w ˧˩˧
cữ	k ɯ ˧˥ʔ
cự	k ɯ ˨˩ʔ
cực	k ɯ k̚ ˨˩ʔ
cựu	k ɯ w ˨˩ʔ
d	spn
da	z a ˧
dai	z a j ˧
dang	z a ŋ̚ ˧
danh	z a ɲ̚ ˧
dao	z a w ˧
day	z a j ˧
di	z i ˧
dinh	z i ɲ̚ ˧
diêm	z i e m ˧
diên	z i e n ˧
diêu	z i e w ˧
diếp	z i e p̚ ˧˥
diều	z i e w ˨˩
diễm	z i e m ˧˥ʔ
diễn	z i e n ˧˥ʔ
diễu	z i e w ˧˥ʔ
diệc	z i e k̚ ˨˩ʔ
diện	z i e n ˨˩ʔ
diệp	z i e p̚ ˨˩ʔ
diệt	z i e t̚ ˨˩ʔ
diệu	z i e w ˨˩ʔ
do	z ɔ ˧
doanh	z ɔ a ɲ̚ ˧
dom	z ɔ m ˧
don	z ɔ n ˧
dong	z ɔ ŋ̚ ˧
doãn	z ɔ a n ˧˥ʔ
doạ	z ɔ a ˨˩ʔ
du	z u ˧
dua	z u a ˧
dung	z u ŋ̚ ˧
duy	z u j ˧
duyên	z u i e n ˧
duyệt	z u i e t̚ ˨˩ʔ
duật	z u ə t̚ ˨˩ʔ
duệ	z u e ˨˩ʔ
duỗi	z u o j ˧˥ʔ
dà	z a ˨˩
dài	z a j ˨˩
dàn	z a n ˨˩
dàng	z a ŋ̚ ˨˩
dành	z a ɲ̚ ˨˩
dào	z a w ˨˩
dày	z a j ˨˩
dái	z a j ˧˥
dám	z a m ˧˥
dán	z a n ˧˥
dáng	z a ŋ̚ ˧˥
dát	z a t̚ ˧˥
dâm	z ə m ˧
dân	z ə n ˧
dâng	z ə ŋ̚ ˧
dâu	z ə w ˧
dây	z ə j ˧
dã	z a ˧˥ʔ
dãi	z a j ˧˥ʔ
dãn	z a n ˧˥ʔ
dãy	z a j ˧˥ʔ
dè	z ɛ ˨˩
dép	z ɛ p̚ ˧˥
dê	z e ˧
dên	z e n ˧
dì	z i ˨˩
dìm	z i m ˨˩
dìu	z i w ˨˩
dí	z i ˧˥
dính	z i ɲ̚ ˧˥
dò	z ɔ ˨˩
dòi	z ɔ j ˨˩
dòng	z ɔ ŋ̚ ˨˩
dôi	z o j ˧
dông	z o ŋ̚ ˧
dõi	z ɔ j ˧˥ʔ
dù	z u ˨˩
dùng	z u ŋ̚ ˨˩
dúi	z u j ˧˥
dăm	z ɐ m ˧
dĩ	z i ˧˥ʔ
dĩnh	z i ɲ̚ ˧˥ʔ
dũ	z u ˧˥ʔ
dũa	z u a ˧˥ʔ
dũng	z u ŋ̚ ˧˥ʔ
dơ	z ɤ ˧
dơi	z ɤ j ˧
dư	z ɯ ˧
dưa	z ɯ a ˧
dưng	z ɯ ŋ̚ ˧
dương	z ɯ ɤ ŋ̚ ˧
dưới	z ɯ ɤ j ˧˥
dường	z ɯ ɤ ŋ̚ ˨˩
dưỡng	z ɯ ɤ ŋ̚ ˧˥ʔ
dược	z ɯ ɤ k̚ ˨˩ʔ
dượt	z ɯ ɤ t̚ ˨˩ʔ
dạ	z a ˨˩ʔ
dại	z a j ˨˩ʔ
dạn	z a n ˨˩ʔ
dạng	z a ŋ̚ ˨˩ʔ
dạo	z a w ˨˩ʔ
dạt	z a t̚ ˨˩ʔ
dạy	z a j ˨˩ʔ
dải	z a j ˧˩˧
dấm	z ə m ˧˥
dấn	z ə n ˧˥
dấp	z ə p̚ ˧˥
dấu	z ə w ˧˥
dấy	z ə j ˧˥
dầm	z ə m ˨˩
dần	z ə n ˨˩
dầu	z ə w ˨˩
dẫm	z ə m ˧˥ʔ
dẫn	z ə n ˧˥ʔ
dẫu	z ə w ˧˥ʔ
dập	z ə p̚ ˨˩ʔ
dật	z ə t̚ ˨˩ʔ
dậu	z ə w ˨˩ʔ
dậy	z ə j ˨˩ʔ
dắt	z ɐ t̚ ˧˥
dằn	z ɐ n ˨˩
dằng	z ɐ ŋ̚ ˨˩
dẳng	z ɐ ŋ̚ ˧˩˧
dặc	z ɐ k̚ ˨˩ʔ
dặm	z ɐ m ˨˩ʔ
dặn	z ɐ n ˨˩ʔ
dặt	z ɐ t̚ ˨˩ʔ
dẹp	z ɛ p̚ ˨˩ʔ
dẹt	z ɛ t̚ ˨˩ʔ
dẻ	z ɛ ˧˩˧
dẻo	z ɛ w ˧˩˧
dẽ	z ɛ ˧˥ʔ
dền	z e n ˨˩
dễ	z e ˧˥ʔ
dệt	z e t̚ ˨˩ʔ
dị	z i ˨˩ʔ
dịch	z i k̚ ˨˩ʔ
dịp	z i p̚ ˨˩ʔ
dịu	z i w ˨˩ʔ
dọa	z ɔ a ˨˩ʔ
dọc	z ɔ k̚ ˨˩ʔ
dọn	z ɔ n ˨˩ʔ
dỏm	z ɔ m ˧˩˧
dỏng	z ɔ ŋ̚ ˧˩˧
dốc	z o k̚ ˧˥
dối	z o j ˧˥
dốt	z o t̚ ˧˥
dồi	z o j ˨˩
dồn	z o n ˨˩
dỗ	z o ˧˥ʔ
dỗi	z o j ˧˥ʔ
dội	z o j ˨˩ʔ
dột	z o t̚ ˨˩ʔ
dời	z ɤ j ˨˩
dở	z ɤ ˧˩˧
dởm	z ɤ m ˧˩˧
dỡ	z ɤ ˧˥ʔ
dụ	z u ˨˩ʔ
dục	z u k̚ ˨˩ʔ
dụm	z u m ˨˩ʔ
dụng	z u ŋ̚ ˨˩ʔ
dứa	z ɯ a ˧˥
dứt	z ɯ t̚ ˧˥
dừa	z ɯ a ˨˩
dừng	z ɯ ŋ̚ ˨˩
dửng	z ɯ ŋ̚ ˧˩˧
dữ	z ɯ ˧˥ʔ
dự	z ɯ ˨˩ʔ
dựa	z ɯ a ˨˩ʔ
dực	z ɯ k̚ ˨˩ʔ
dựng	z ɯ ŋ̚ ˨˩ʔ
e	ɛ ˧
em	ɛ m ˧
emm	ɛ m ˧
eo	ɛ w ˧
euro	ɛ u w ˧
g	spn
ga	ɣ a ˧
gai	ɣ a j ˧
gam	ɣ a m ˧
gan	ɣ a n ˧
gang	ɣ a ŋ̚ ˧
ganh	ɣ a ɲ̚ ˧
gao	ɣ a w ˧
gara	ɣ a a ˧
gas	ɣ a ˧
gay	ɣ a j ˧
gen	ɣ ɛ n ˧
ghe	ɣ ɛ ˧
ghen	ɣ ɛ n ˧
ghi	ɣ i ˧
ghim	ɣ i m ˧
ghiền	ɣ i e n ˨˩
ghé	ɣ ɛ ˧˥
ghép	ɣ ɛ p̚ ˧˥
ghét	ɣ ɛ t̚ ˧˥
ghê	ɣ e ˧
ghì	ɣ i ˨˩
ghẹ	ɣ ɛ ˨˩ʔ
ghẹo	ɣ ɛ w ˨˩ʔ
ghẻ	ɣ ɛ ˧˩˧
ghẽ	ɣ ɛ ˧˥ʔ
ghế	ɣ e ˧˥
ghề	ɣ e ˨˩
ghềnh	ɣ e ɲ̚ ˨˩
gi	z i ˧
gia	z a ˧
giai	z a j ˧
giam	z a m ˧
gian	z a n ˧
giang	z a ŋ̚ ˧
gianh	z a ɲ̚ ˧
giao	z a w ˧
gieo	z ɛ w ˧
gio	z ɔ ˧
gioăng	z ɔ ɐ ŋ̚ ˧
giun	z u n ˧
già	z a ˨˩
giàn	z a n ˨˩
giàng	z a ŋ̚ ˨˩
giành	z a ɲ̚ ˨˩
giàu	z a w ˨˩
giày	z a j ˨˩
giá	z a ˧˥
giác	z a k̚ ˧˥
giám	z a m ˧˥
gián	z a n ˧˥
giáng	z a ŋ̚ ˧˥
giáo	z a w ˧˥
giáp	z a p̚ ˧˥
giâm	z ə m ˧
giây	z ə j ˧
giã	z a ˧˥ʔ
giãi	z a j ˧˥ʔ
giãn	z a n ˧˥ʔ
giê	z e ˧
giêng	z e ŋ̚ ˧
giò	z ɔ ˨˩
giòn	z ɔ n ˨˩
gió	z ɔ ˧˥
gióng	z ɔ ŋ̚ ˧˥
giông	z o ŋ̚ ˧
giùm	z u m ˨˩
giúp	z u p̚ ˧˥
giăng	z ɐ ŋ̚ ˧
giũ	z u ˧˥ʔ
giơ	z ɤ ˧
giương	z ɯ ɤ ŋ̚ ˧
giường	z ɯ ɤ ŋ̚ ˨˩
giả	z a ˧˩˧
giải	z a j ˧˩˧
giảm	z a m ˧˩˧
giản	z a n ˧˩˧
giảng	z a ŋ̚ ˧˩˧
giấc	z ə k̚ ˧˥
giấm	z ə m ˧˥
giấu	z ə w ˧˥
giấy	z ə j ˧˥
giầu	z ə w ˨˩
giầy	z ə j ˨˩
giẫm	z ə m ˧˥ʔ
giận	z ə n ˨˩ʔ
giật	z ə t̚ ˨˩ʔ
giắt	z ɐ t̚ ˧˥
giằng	z ɐ ŋ̚ ˨˩
giặc	z ɐ k̚ ˨˩ʔ
giặt	z ɐ t̚ ˨˩ʔ
giẻ	z ɛ ˧˩˧
giếm	z e m ˧˥
giếng	z e ŋ̚ ˧˥
giết	z e t̚ ˧˥
giềng	z e ŋ̚ ˨˩
giễu	z e w ˧˥ʔ
giọng	z ɔ ŋ̚ ˨˩ʔ
giọt	z ɔ t̚ ˨˩ʔ
giỏ	z ɔ ˧˩˧
giỏi	z ɔ j ˧˩˧
giống	z o ŋ̚ ˧˥
giỗ	z o ˧˥ʔ
giới	z ɤ j ˧˥
giờ	z ɤ ˨˩
giở	z ɤ ˧˩˧
giỡn	z ɤ n ˧˥ʔ
giục	z u k̚ ˨˩ʔ
giữ	z ɯ ˧˥ʔ
giữa	z ɯ a ˧˥ʔ
gom	ɣ ɔ m ˧
gu	ɣ u ˧
guitar	ɣ u i a ˧
guồng	ɣ u o ŋ̚ ˨˩
gà	ɣ a ˨˩
gài	ɣ a j ˨˩
gàng	ɣ a ŋ̚ ˨˩
gành	ɣ a ɲ̚ ˨˩
gào	ɣ a w ˨˩
gàu	ɣ a w ˨˩
gày	ɣ a j ˨˩
gác	ɣ a k̚ ˧˥
gái	ɣ a j ˧˥
gán	ɣ a n ˧˥
gánh	ɣ a ɲ̚ ˧˥
gáo	ɣ a w ˧˥
gáp	ɣ a p̚ ˧˥
gáy	ɣ a j ˧˥
gân	ɣ ə n ˧
gây	ɣ ə j ˧
gã	ɣ a ˧˥ʔ
gãi	ɣ a j ˧˥ʔ
gãy	ɣ a j ˧˥ʔ
gì	z i ˨˩
gìn	spn
gí	z i ˧˥
gò	ɣ ɔ ˨˩
gòn	ɣ ɔ n ˨˩
góa	ɣ ɔ a ˧˥
góc	ɣ ɔ k̚ ˧˥
gói	ɣ ɔ j ˧˥
góp	ɣ ɔ p̚ ˧˥
gót	ɣ ɔ t̚ ˧˥
gông	ɣ o ŋ̚ ˧
gõ	ɣ ɔ ˧˥ʔ
gù	ɣ u ˨˩
găm	ɣ ɐ m ˧
găng	ɣ ɐ ŋ̚ ˧
gũi	ɣ u j ˧˥ʔ
gươm	ɣ ɯ ɤ m ˧
gương	ɣ ɯ ɤ ŋ̚ ˧
gượng	ɣ ɯ ɤ ŋ̚ ˨˩ʔ
gạ	ɣ a ˨˩ʔ
gạch	ɣ a k̚ ˨˩ʔ
gạn	ɣ a n ˨˩ʔ
gạo	ɣ a w ˨˩ʔ
gạt	ɣ a t̚ ˨˩ʔ
gả	ɣ a ˧˩˧
gấc	ɣ ə k̚ ˧˥
gấp	ɣ ə p̚ ˧˥
gấu	ɣ ə w ˧˥
gầm	ɣ ə m ˨˩
gần	ɣ ə n ˨˩
gầy	ɣ ə j ˨˩
gẫy	ɣ ə j ˧˥ʔ
gập	ɣ ə p̚ ˨˩ʔ
gật	ɣ ə t̚ ˨˩ʔ
gậy	ɣ ə j ˨˩ʔ
gắm	ɣ ɐ m ˧˥
gắn	ɣ ɐ n ˧˥
gắng	ɣ ɐ ŋ̚ ˧˥
gắp	ɣ ɐ p̚ ˧˥
gắt	ɣ ɐ t̚ ˧˥
gặm	ɣ ɐ m ˨˩ʔ
gặp	ɣ ɐ p̚ ˨˩ʔ
gặt	ɣ ɐ t̚ ˨˩ʔ
gỉ	z i ˧˩˧
gọi	ɣ ɔ j ˨˩ʔ
gọn	ɣ ɔ n ˨˩ʔ
gọng	ɣ ɔ ŋ̚ ˨˩ʔ
gọt	ɣ ɔ t̚ ˨˩ʔ
gỏi	ɣ ɔ j ˧˩˧
gốc	ɣ o k̚ ˧˥
gối	ɣ o j ˧˥
gốm	ɣ o m ˧˥
gồ	ɣ o ˨˩
gồm	ɣ o m ˨˩
gồng	ɣ o ŋ̚ ˨˩
gổ	ɣ o ˧˩˧
gỗ	ɣ o ˧˥ʔ
gộc	ɣ o k̚ ˨˩ʔ
gội	ɣ o j ˨˩ʔ
gớm	ɣ ɤ m ˧˥
gờm	ɣ ɤ m ˨˩
gở	ɣ ɤ ˧˩˧
gởi	ɣ ɤ j ˧˩˧
gỡ	ɣ ɤ ˧˥ʔ
gợi	ɣ ɤ j ˨˩ʔ
gợn	ɣ ɤ n ˨˩ʔ
gục	ɣ u k̚ ˨˩ʔ
gừng	ɣ ɯ ŋ̚ ˨˩
gửi	ɣ ɯ j ˧˩˧
h	spn
ha	h a ˧
hai	h a j ˧
ham	h a m ˧
han	h a n ˧
hang	h a ŋ̚ ˧
hanh	h a ɲ̚ ˧
hao	h a w ˧
hay	h a j ˧
hen	h ɛ n ˧
heo	h ɛ w ˧
hi	h i ˧
him	h i m ˧
hinh	h i ɲ̚ ˧
hiu	h i w ˧
hiv	h i ˧
hiên	h i e n ˧
hiếm	h i e m ˧˥
hiến	h i e n ˧˥
hiếp	h i e p̚ ˧˥
hiếu	h i e w ˧˥
hiềm	h i e m ˨˩
hiền	h i e n ˨˩
hiểm	h i e m ˧˩˧
hiển	h i e n ˧˩˧
hiểu	h i e w ˧˩˧
hiện	h i e n ˨˩ʔ
hiệp	h i e p̚ ˨˩ʔ
hiệu	h i e w ˨˩ʔ
hlv	spn
ho	h ɔ ˧
hoa	h ɔ a ˧
hoan	h ɔ a n ˧
hoang	h ɔ a ŋ̚ ˧
hoay	h ɔ a j ˧
hoen	h ɔ ɛ n ˧
hoi	h ɔ j ˧
hom	h ɔ m ˧
hong	h ɔ ŋ̚ ˧
hoà	h ɔ a ˨˩
hoài	h ɔ a j ˨˩
hoàn	h ɔ a n ˨˩
hoàng	h ɔ a ŋ̚ ˨˩
hoành	h ɔ a ɲ̚ ˨˩
hoá	h ɔ a ˧˥
hoán	h ɔ a n ˧˥
hoãn	h ɔ a n ˧˥ʔ
hoạ	h ɔ a ˨˩ʔ
hoạch	h ɔ a k̚ ˨˩ʔ
hoại	h ɔ a j ˨˩ʔ
hoạn	h ɔ a n ˨˩ʔ
hoạt	h ɔ a t̚ ˨˩ʔ
hoả	h ɔ a ˧˩˧
hoảng	h ɔ a ŋ̚ ˧˩˧
hoắc	h ɔ ɐ k̚ ˧˥
hoặc	h ɔ ɐ k̚ ˨˩ʔ
hun	h u n ˧
hung	h u ŋ̚ ˧
huy	h u j ˧
huynh	h u i ɲ̚ ˧
huyên	h u i e n ˧
huyết	h u i e t̚ ˧˥
huyền	h u i e n ˨˩
huyễn	h u i e n ˧˥ʔ
huyện	h u i e n ˨˩ʔ
huyệt	h u i e t̚ ˨˩ʔ
huân	h u ə n ˧
huê	h u e ˧
huơ	h u ɤ ˧
huấn	h u ə n ˧˥
huế	h u e ˧˥
huệ	h u e ˨˩ʔ
huống	h u o ŋ̚ ˧˥
huỳnh	h u i ɲ̚ ˨˩
huỷ	h u j ˧˩˧
hy	h i ˧
hà	h a ˨˩
hài	h a j ˨˩
hàm	h a m ˨˩
hàn	h a n ˨˩
hàng	h a ŋ̚ ˨˩
hành	h a ɲ̚ ˨˩
hào	h a w ˨˩
hàu	h a w ˨˩
há	h a ˧˥
hách	h a k̚ ˧˥
hái	h a j ˧˥
hán	h a n ˧˥
háng	h a ŋ̚ ˧˥
háo	h a w ˧˥
hát	h a t̚ ˧˥
hâm	h ə m ˧
hân	h ə n ˧
hâu	h ə w ˧
hãi	h a j ˧˥ʔ
hãm	h a m ˧˥ʔ
hãn	h a n ˧˥ʔ
hãng	h a ŋ̚ ˧˥ʔ
hãnh	h a ɲ̚ ˧˥ʔ
hãy	h a j ˧˥ʔ
hè	h ɛ ˨˩
hèn	h ɛ n ˨˩
hé	h ɛ ˧˥
héo	h ɛ w ˧˥
hét	h ɛ t̚ ˧˥
hê	h e ˧
hì	h i ˨˩
hình	h i ɲ̚ ˨˩
hí	h i ˧˥
híp	h i p̚ ˧˥
hít	h i t̚ ˧˥
hò	h ɔ ˨˩
hòa	h ɔ a ˨˩
hòm	h ɔ m ˨˩
hòn	h ɔ n ˨˩
hòng	h ɔ ŋ̚ ˨˩
hóa	h ɔ a ˧˥
hóc	h ɔ k̚ ˧˥
hói	h ɔ j ˧˥
hóng	h ɔ ŋ̚ ˧˥
hóp	h ɔ p̚ ˧˥
hót	h ɔ t̚ ˧˥
hô	h o ˧
hôi	h o j ˧
hôm	h o m ˧
hôn	h o n ˧
hông	h o ŋ̚ ˧
hù	h u ˨˩
hùa	h u a ˨˩
hùm	h u m ˨˩
hùng	h u ŋ̚ ˨˩
hú	h u ˧˥
húc	h u k̚ ˧˥
húp	h u p̚ ˧˥
hút	h u t̚ ˧˥
hăm	h ɐ m ˧
hăng	h ɐ ŋ̚ ˧
hĩnh	h i ɲ̚ ˧˥ʔ
hũ	h u ˧˥ʔ
hơ	h ɤ ˧
hơi	h ɤ j ˧
hơn	h ɤ n ˧
hư	h ɯ ˧
hưng	h ɯ ŋ̚ ˧
hưu	h ɯ w ˧
hương	h ɯ ɤ ŋ̚ ˧
hươu	h ɯ ɤ w ˧
hước	h ɯ ɤ k̚ ˧˥
hướng	h ɯ ɤ ŋ̚ ˧˥
hường	h ɯ ɤ ŋ̚ ˨˩
hưởng	h ɯ ɤ ŋ̚ ˧˩˧
hạ	h a ˨˩ʔ
hạc	h a k̚ ˨˩ʔ
hạch	h a k̚ ˨˩ʔ
hại	h a j ˨˩ʔ
hạm	h a m ˨˩ʔ
hạn	h a n ˨˩ʔ
hạng	h a ŋ̚ ˨˩ʔ
hạnh	h a ɲ̚ ˨˩ʔ
hạo	h a w ˨˩ʔ
hạp	h a p̚ ˨˩ʔ
hạt	h a t̚ ˨˩ʔ
hả	h a ˧˩˧
hải	h a j ˧˩˧
hảo	h a w ˧˩˧
hấn	h ə n ˧˥
hấp	h ə p̚ ˧˥
hất	h ə t̚ ˧˥
hấu	h ə w ˧˥
hầm	h ə m ˨˩
hầu	h ə w ˨˩
hẩu	h ə w ˧˩˧
hẫng	h ə ŋ̚ ˧˥ʔ
hậm	h ə m ˨˩ʔ
hận	h ə n ˨˩ʔ
hập	h ə p̚ ˨˩ʔ
hậu	h ə w ˨˩ʔ
hắc	h ɐ k̚ ˧˥
hắn	h ɐ n ˧˥
hắt	h ɐ t̚ ˧˥
hằn	h ɐ n ˨˩
hằng	h ɐ ŋ̚ ˨˩
hẳn	h ɐ n ˧˩˧
hẹ	h ɛ ˨˩ʔ
hẹn	h ɛ n ˨˩ʔ
hẹp	h ɛ p̚ ˨˩ʔ
hẻm	h ɛ m ˧˩˧
hến	h e n ˧˥
hết	h e t̚ ˧˥
hề	h e ˨˩
hễ	h e ˧˥ʔ
hệ	h e ˨˩ʔ
hệt	h e t̚ ˨˩ʔ
hỉ	h i ˧˩˧
hỉnh	h i ɲ̚ ˧˩˧
họ	h ɔ ˨˩ʔ
họa	h ɔ a ˨˩ʔ
học	h ɔ k̚ ˨˩ʔ
họng	h ɔ ŋ̚ ˨˩ʔ
họp	h ɔ p̚ ˨˩ʔ
hỏa	h ɔ a ˧˩˧
hỏi	h ɔ j ˧˩˧
hỏng	h ɔ ŋ̚ ˧˩˧
hố	h o ˧˥
hốc	h o k̚ ˧˥
hối	h o j ˧˥
hống	h o ŋ̚ ˧˥
hốt	h o t̚ ˧˥
hồ	h o ˨˩
hồi	h o j ˨˩
hồn	h o n ˨˩
hồng	h o ŋ̚ ˨˩
hổ	h o ˧˩˧
hổi	h o j ˧˩˧
hổng	h o ŋ̚ ˧˩˧
hỗ	h o ˧˥ʔ
hỗn	h o n ˧˥ʔ
hộ	h o ˨˩ʔ
hộc	h o k̚ ˨˩ʔ
hội	h o j ˨˩ʔ
hộp	h o p̚ ˨˩ʔ
hột	h o t̚ ˨˩ʔ
hớ	h ɤ ˧˥
hớn	h ɤ n ˧˥
hớt	h ɤ t̚ ˧˥
hờ	h ɤ ˨˩
hời	h ɤ j ˨˩
hờn	h ɤ n ˨˩
hở	h ɤ ˧˩˧
hởi	h ɤ j ˧˩˧
hợi	h ɤ j ˨˩ʔ
hợp	h ɤ p̚ ˨˩ʔ
hợt	h ɤ t̚ ˨˩ʔ
hụt	h u t̚ ˨˩ʔ
hủ	h u ˧˩˧
hủi	h u j ˧˩˧
hủy	h u j ˧˩˧
hứa	h ɯ a ˧˥
hức	h ɯ k̚ ˧˥
hứng	h ɯ ŋ̚ ˧˥
hửng	h ɯ ŋ̚ ˧˩˧
hững	h ɯ ŋ̚ ˧˥ʔ
hữu	h ɯ w ˧˥ʔ
hực	h ɯ k̚ ˨˩ʔ
hựu	h ɯ w ˨˩ʔ
i	i ˧
ii	i j ˧
im	i m ˧
in	i n ˧
inh	i ɲ̚ ˧
ion	i ɔ n ˧
iu	i w ˧
k	spn
ka	k a ˧
kali	k a j ˧
karaoke	k a a ɔ ɛ ˧
ke	k ɛ ˧
kelvin	k ɛ i n ˧
kem	k ɛ m ˧
ken	k ɛ n ˧
keo	k ɛ w ˧
kg	spn
kha	x a ˧
khai	x a j ˧
khan	x a n ˧
khang	x a ŋ̚ ˧
khanh	x a ɲ̚ ˧
khao	x a w ˧
khau	x a w ˧
khay	x a j ˧
khe	x ɛ ˧
khem	x ɛ m ˧
khen	x ɛ n ˧
khi	x i ˧
khinh	x i ɲ̚ ˧
khiêm	x i e m ˧
khiên	x i e n ˧
khiêng	x i e ŋ̚ ˧
khiêu	x i e w ˧
khiếm	x i e m ˧˥
khiến	x i e n ˧˥
khiếp	x i e p̚ ˧˥
khiết	x i e t̚ ˧˥
khiếu	x i e w ˧˥
khiển	x i e n ˧˩˧
khmer	x ɛ ˧
kho	x ɔ ˧
khoa	x ɔ a ˧
khoai	x ɔ a j ˧
khoan	x ɔ a n ˧
khoang	x ɔ a ŋ̚ ˧
khoanh	x ɔ a ɲ̚ ˧
khoe	x ɔ ɛ ˧
khoá	x ɔ a ˧˥
khoác	x ɔ a k̚ ˧˥
khoái	x ɔ a j ˧˥
khoán	x ɔ a n ˧˥
khoáng	x ɔ a ŋ̚ ˧˥
khoát	x ɔ a t̚ ˧˥
khoé	x ɔ ɛ ˧˥
khoăn	x ɔ ɐ n ˧
khoản	x ɔ a n ˧˩˧
khoảng	x ɔ a ŋ̚ ˧˩˧
khoảnh	x ɔ a ɲ̚ ˧˩˧
khoắn	x ɔ ɐ n ˧˥
khoẻ	x ɔ ɛ ˧˩˧
khu	x u ˧
khua	x u a ˧
khung	x u ŋ̚ ˧
khuya	x u i a ˧
khuynh	x u i ɲ̚ ˧
khuyên	x u i e n ˧
khuyến	x u i e n ˧˥
khuyết	x u i e t̚ ˧˥
khuân	x u ə n ˧
khuâng	x u ə ŋ̚ ˧
khuê	x u e ˧
khuôn	x u o n ˧
khuông	x u o ŋ̚ ˧
khuất	x u ə t̚ ˧˥
khuấy	x u ə j ˧˥
khuẩn	x u ə n ˧˩˧
khuỷu	x u i w ˧˩˧
khàn	x a n ˨˩
khá	x a ˧˥
khác	x a k̚ ˧˥
khách	x a k̚ ˧˥
khái	x a j ˧˥
khám	x a m ˧˥
khán	x a n ˧˥
kháng	x a ŋ̚ ˧˥
khánh	x a ɲ̚ ˧˥
kháo	x a w ˧˥
khát	x a t̚ ˧˥
kháu	x a w ˧˥
khâm	x ə m ˧
khâu	x ə w ˧
khè	x ɛ ˨˩
khèn	x ɛ n ˨˩
khéo	x ɛ w ˧˥
khép	x ɛ p̚ ˧˥
khét	x ɛ t̚ ˧˥
khê	x e ˧
khênh	x e ɲ̚ ˧
khí	x i ˧˥
khía	x i a ˧˥
khích	x i k̚ ˧˥
khít	x i t̚ ˧˥
khò	x ɔ ˨˩
khó	x ɔ ˧˥
khóa	x ɔ a ˧˥
khóc	x ɔ k̚ ˧˥
khóe	x ɔ ɛ ˧˥
khói	x ɔ j ˧˥
khóm	x ɔ m ˧˥
khô	x o ˧
khôi	x o j ˧
khôn	x o n ˧
không	x o ŋ̚ ˧
khúc	x u k̚ ˧˥
khăm	x ɐ m ˧
khăn	x ɐ n ˧
khăng	x ɐ ŋ̚ ˧
khơi	x ɤ j ˧
khư	x ɯ ˧
khương	x ɯ ɤ ŋ̚ ˧
khước	x ɯ ɤ k̚ ˧˥
khạc	x a k̚ ˨˩ʔ
khả	x a ˧˩˧
khải	x a j ˧˩˧
khảng	x a ŋ̚ ˧˩˧
khảnh	x a ɲ̚ ˧˩˧
khảo	x a w ˧˩˧
khấm	x ə m ˧˥
khấn	x ə n ˧˥
khấp	x ə p̚ ˧˥
khất	x ə t̚ ˧˥
khấu	x ə w ˧˥
khẩn	x ə n ˧˩˧
khẩu	x ə w ˧˩˧
khắc	x ɐ k̚ ˧˥
khắp	x ɐ p̚ ˧˥
khắt	x ɐ t̚ ˧˥
khẳng	x ɐ ŋ̚ ˧˩˧
khẽ	x ɛ ˧˥ʔ
khế	x e ˧˥
khểnh	x e ɲ̚ ˧˩˧
khỉ	x i ˧˩˧
khỉnh	x i ɲ̚ ˧˩˧
khỏa	x ɔ a ˧˩˧
khỏe	x ɔ ɛ ˧˩˧
khỏi	x ɔ j ˧˩˧
khốc	x o k̚ ˧˥
khối	x o j ˧˥
khốn	x o n ˧˥
khống	x o ŋ̚ ˧˥
khổ	x o ˧˩˧
khổng	x o ŋ̚ ˧˩˧
khớp	x ɤ p̚ ˧˥
khờ	x ɤ ˨˩
khởi	x ɤ j ˧˩˧
khủng	x u ŋ̚ ˧˩˧
khứ	x ɯ ˧˥
khứa	x ɯ a ˧˥
khứu	x ɯ w ˧˥
khử	x ɯ ˧˩˧
khựng	x ɯ ŋ̚ ˨˩ʔ
ki	k i ˧
kia	k i a ˧
kim	k i m ˧
kinh	k i ɲ̚ ˧
kitô	k i o ˧
kiêm	k i e m ˧
kiên	k i e n ˧
kiêng	k i e ŋ̚ ˧
kiêu	k i e w ˧
kiếm	k i e m ˧˥
kiến	k i e n ˧˥
kiếng	k i e ŋ̚ ˧˥
kiếp	k i e p̚ ˧˥
kiết	k i e t̚ ˧˥
kiềm	k i e m ˨˩
kiều	k i e w ˨˩
kiểm	k i e m ˧˩˧
kiểu	k i e w ˧˩˧
kiệm	k i e m ˨˩ʔ
kiện	k i e n ˨˩ʔ
kiệt	k i e t̚ ˨˩ʔ
kiệu	k i e w ˨˩ʔ
km	spn
krông	k o ŋ̚ ˧
ku	k u ˧
kè	k ɛ ˨˩
kèm	k ɛ m ˨˩
kèn	k ɛ n ˨˩
kèo	k ɛ w ˨˩
ké	k ɛ ˧˥
kém	k ɛ m ˧˥
kén	k ɛ n ˧˥
kéo	k ɛ w ˧˥
kép	k ɛ p̚ ˧˥
két	k ɛ t̚ ˧˥
kê	k e ˧
kênh	k e ɲ̚ ˧
kêu	k e w ˧
kì	k i ˨˩
kìa	k i a ˨˩
kìm	k i m ˨˩
kình	k i ɲ̚ ˨˩
kí	k i ˧˥
kích	k i k̚ ˧˥
kín	k i n ˧˥
kính	k i ɲ̚ ˧˥
kíp	k i p̚ ˧˥
kít	k i t̚ ˧˥
ký	k i ˧˥
kĩ	k i ˧˥ʔ
kạn	k a n ˨˩ʔ
kẹo	k ɛ w ˨˩ʔ
kẹp	k ɛ p̚ ˨˩ʔ
kẹt	k ɛ t̚ ˨˩ʔ
kẻ	k ɛ ˧˩˧
kẻo	k ɛ w ˧˩˧
kẽ	k ɛ ˧˥ʔ
kẽm	k ɛ m ˧˥ʔ
kế	k e ˧˥
kết	k e t̚ ˧˥
kề	k e ˨˩
kềnh	k e ɲ̚ ˨˩
kể	k e ˧˩˧
kệ	k e ˨˩ʔ
kỉ	k i ˧˩˧
kỉnh	k i ɲ̚ ˧˩˧
kị	k i ˨˩ʔ
kịch	k i k̚ ˨˩ʔ
kịp	k i p̚ ˨˩ʔ
kịt	k i t̚ ˨˩ʔ
kỳ	k i ˨˩
kỵ	k i ˨˩ʔ
kỷ	k i ˧˩˧
kỹ	k i ˧˥ʔ
l	spn
la	l a ˧
lai	l a j ˧
lam	l a m ˧
lan	l a n ˧
lang	l a ŋ̚ ˧
lanh	l a ɲ̚ ˧
lao	l a w ˧
laser	l a ɛ ˧
lau	l a w ˧
lay	l a j ˧
le	l ɛ ˧
lem	l ɛ m ˧
len	l ɛ n ˧
leo	l ɛ w ˧
li	l i ˧
lia	l i a ˧
lim	l i m ˧
linh	l i ɲ̚ ˧
liu	l i w ˧
liêm	l i e m ˧
liên	l i e n ˧
liêng	l i e ŋ̚ ˧
liêu	l i e w ˧
liếc	l i e k̚ ˧˥
liếm	l i e m ˧˥
liếng	l i e ŋ̚ ˧˥
liềm	l i e m ˨˩
liền	l i e n ˨˩
liều	l i e w ˨˩
liễu	l i e w ˧˥ʔ
liệt	l i e t̚ ˨˩ʔ
liệu	l i e w ˨˩ʔ
lo	l ɔ ˧
loa	l ɔ a ˧
loai	l ɔ a j ˧
loan	l ɔ a n ˧
loang	l ɔ a ŋ̚ ˧
loay	l ɔ a j ˧
loi	l ɔ j ˧
lon	l ɔ n ˧
long	l ɔ ŋ̚ ˧
loài	l ɔ a j ˨˩
loáng	l ɔ a ŋ̚ ˧˥
loãng	l ɔ a ŋ̚ ˧˥ʔ
loét	l ɔ ɛ t̚ ˧˥
loại	l ɔ a j ˨˩ʔ
loạn	l ɔ a n ˨˩ʔ
loạt	l ɔ a t̚ ˨˩ʔ
loẹt	l ɔ ɛ t̚ ˨˩ʔ
lu	l u ˧
lui	l u j ˧
lum	l u m ˧
lung	l u ŋ̚ ˧
luy	l u j ˧
luyn	l u i n ˧
luyến	l u i e n ˧˥
luyện	l u i e n ˨˩ʔ
luân	l u ə n ˧
luôn	l u o n ˧
luẩn	l u ə n ˧˩˧
luận	l u ə n ˨˩ʔ
luật	l u ə t̚ ˨˩ʔ
luống	l u o ŋ̚ ˧˥
luồn	l u o n ˨˩
luồng	l u o ŋ̚ ˨˩
luộc	l u o k̚ ˨˩ʔ
ly	l i ˧
là	l a ˨˩
làm	l a m ˨˩
làn	l a n ˨˩
làng	l a ŋ̚ ˨˩
lành	l a ɲ̚ ˨˩
lào	l a w ˨˩
lá	l a ˧˥
lác	l a k̚ ˧˥
lách	l a k̚ ˧˥
lái	l a j ˧˥
lán	l a n ˧˥
láng	l a ŋ̚ ˧˥
lánh	l a ɲ̚ ˧˥
láo	l a w ˧˥
lát	l a t̚ ˧˥
lâm	l ə m ˧
lân	l ə n ˧
lâu	l ə w ˧
lây	l ə j ˧
lã	l a ˧˥ʔ
lãi	l a j ˧˥ʔ
lãm	l a m ˧˥ʔ
lãng	l a ŋ̚ ˧˥ʔ
lãnh	l a ɲ̚ ˧˥ʔ
lão	l a w ˧˥ʔ
lèo	l ɛ w ˨˩
lén	l ɛ n ˧˥
léo	l ɛ w ˧˥
lép	l ɛ p̚ ˧˥
lét	l ɛ t̚ ˧˥
lê	l e ˧
lên	l e n ˧
lênh	l e ɲ̚ ˧
lì	l i ˨˩
lìa	l i a ˨˩
lí	l i ˧˥
lính	l i ɲ̚ ˧˥
lít	l i t̚ ˧˥
líu	l i w ˧˥
lò	l ɔ ˨˩
lòa	l ɔ a ˨˩
lòe	l ɔ ɛ ˨˩
lòi	l ɔ j ˨˩
lòng	l ɔ ŋ̚ ˨˩
ló	l ɔ ˧˥
lóc	l ɔ k̚ ˧˥
lói	l ɔ j ˧˥
lót	l ɔ t̚ ˧˥
lô	l o ˧
lôi	l o j ˧
lông	l o ŋ̚ ˧
lõi	l ɔ j ˧˥ʔ
lõm	l ɔ m ˧˥ʔ
lõng	l ɔ ŋ̚ ˧˥ʔ
lù	l u ˨˩
lùa	l u a ˨˩
lùi	l u j ˨˩
lùm	l u m ˨˩
lùn	l u n ˨˩
lùng	l u ŋ̚ ˨˩
lú	l u ˧˥
lúa	l u a ˧˥
lúc	l u k̚ ˧˥
lún	l u n ˧˥
lúng	l u ŋ̚ ˧˥
lút	l u t̚ ˧˥
lý	l i ˧˥
lăn	l ɐ n ˧
lăng	l ɐ ŋ̚ ˧
lĩnh	l i ɲ̚ ˧˥ʔ
lũ	l u ˧˥ʔ
lũi	l u j ˧˥ʔ
lũng	l u ŋ̚ ˧˥ʔ
lũy	l u j ˧˥ʔ
lơ	l ɤ ˧
lư	l ɯ ˧
lưng	l ɯ ŋ̚ ˧
lưu	l ɯ w ˧
lươn	l ɯ ɤ n ˧
lương	l ɯ ɤ ŋ̚ ˧
lưới	l ɯ ɤ j ˧˥
lướt	l ɯ ɤ t̚ ˧˥
lười	l ɯ ɤ j ˨˩
lường	l ɯ ɤ ŋ̚ ˨˩
lưỡi	l ɯ ɤ j ˧˥ʔ
lưỡng	l ɯ ɤ ŋ̚ ˧˥ʔ
lược	l ɯ ɤ k̚ ˨˩ʔ
lượm	l ɯ ɤ m ˨˩ʔ
lượn	l ɯ ɤ n ˨˩ʔ
lượng	l ɯ ɤ ŋ̚ ˨˩ʔ
lượt	l ɯ ɤ t̚ ˨˩ʔ
lạ	l a ˨˩ʔ
lạc	l a k̚ ˨˩ʔ
lạch	l a k̚ ˨˩ʔ
lại	l a j ˨˩ʔ
lạm	l a m ˨˩ʔ
lạng	l a ŋ̚ ˨˩ʔ
lạnh	l a ɲ̚ ˨˩ʔ
lạp	l a p̚ ˨˩ʔ
lạt	l a t̚ ˨˩ʔ
lạy	l a j ˨˩ʔ
lả	l a ˧˩˧
lảng	l a ŋ̚ ˧˩˧
lảo	l a w ˧˩˧
lấm	l ə m ˧˥
lấn	l ə n ˧˥
lấp	l ə p̚ ˧˥
lấy	l ə j ˧˥
lầm	l ə m ˨˩
lần	l ə n ˨˩
lầu	l ə w ˨˩
lầy	l ə j ˨˩
lẩn	l ə n ˧˩˧
lẩu	l ə w ˧˩˧
lẫm	l ə m ˧˥ʔ
lẫn	l ə n ˧˥ʔ
lẫy	l ə j ˧˥ʔ
lận	l ə n ˨˩ʔ
lập	l ə p̚ ˨˩ʔ
lật	l ə t̚ ˨˩ʔ
lậu	l ə w ˨˩ʔ
lắc	l ɐ k̚ ˧˥
lắm	l ɐ m ˧˥
lắng	l ɐ ŋ̚ ˧˥
lắp	l ɐ p̚ ˧˥
lắt	l ɐ t̚ ˧˥
lằn	l ɐ n ˨˩
lằng	l ɐ ŋ̚ ˨˩
lẳng	l ɐ ŋ̚ ˧˩˧
lặn	l ɐ n ˨˩ʔ
lặng	l ɐ ŋ̚ ˨˩ʔ
lặp	l ɐ p̚ ˨˩ʔ
lặt	l ɐ t̚ ˨˩ʔ
lẹ	l ɛ ˨˩ʔ
lẹt	l ɛ t̚ ˨˩ʔ
lẻ	l ɛ ˧˩˧
lẻn	l ɛ n ˧˩˧
lẻo	l ɛ w ˧˩˧
lẽ	l ɛ ˧˥ʔ
lẽo	l ɛ w ˧˥ʔ
lết	l e t̚ ˧˥
lề	l e ˨˩
lều	l e w ˨˩
lể	l e ˧˩˧
lễ	l e ˧˥ʔ
lệ	l e ˨˩ʔ
lệch	l e k̚ ˨˩ʔ
lệnh	l e ɲ̚ ˨˩ʔ
lỉnh	l i ɲ̚ ˧˩˧
lị	l i ˨˩ʔ
lịch	l i k̚ ˨˩ʔ
lịm	l i m ˨˩ʔ
lọ	l ɔ ˨˩ʔ
lọc	l ɔ k̚ ˨˩ʔ
lọi	l ɔ j ˨˩ʔ
lọt	l ɔ t̚ ˨˩ʔ
lỏi	l ɔ j ˧˩˧
lỏm	l ɔ m ˧˩˧
lỏng	l ɔ ŋ̚ ˧˩˧
lố	l o ˧˥
lốc	l o k̚ ˧˥
lối	l o j ˧˥
lốn	l o n ˧˥
lốp	l o p̚ ˧˥
lốt	l o t̚ ˧˥
lồ	l o ˨˩
lồi	l o j ˨˩
lồng	l o ŋ̚ ˨˩
lổ	l o ˧˩˧
lỗ	l o ˧˥ʔ
lỗi	l o j ˧˥ʔ
lộ	l o ˨˩ʔ
lộc	l o k̚ ˨˩ʔ
lội	l o j ˨˩ʔ
lộn	l o n ˨˩ʔ
lộng	l o ŋ̚ ˨˩ʔ
lột	l o t̚ ˨˩ʔ
lớn	l ɤ n ˧˥
lớp	l ɤ p̚ ˧˥
lờ	l ɤ ˨˩
lời	l ɤ j ˨˩
lở	l ɤ ˧˩˧
lỡ	l ɤ ˧˥ʔ
lợ	l ɤ ˨˩ʔ
lợi	l ɤ j ˨˩ʔ
lợn	l ɤ n ˨˩ʔ
lợp	l ɤ p̚ ˨˩ʔ
lụa	l u a ˨˩ʔ
lục	l u k̚ ˨˩ʔ
lụng	l u ŋ̚ ˨˩ʔ
lụt	l u t̚ ˨˩ʔ
lụy	l u j ˨˩ʔ
lủi	l u j ˧˩˧
lủng	l u ŋ̚ ˧˩˧
lứa	l ɯ a ˧˥
lứt	l ɯ t̚ ˧˥
lừ	l ɯ ˨˩
lừa	l ɯ a ˨˩
lừng	l ɯ ŋ̚ ˨˩
lửa	l ɯ a ˧˩˧
lửng	l ɯ ŋ̚ ˧˩˧
lữ	l ɯ ˧˥ʔ
lự	l ɯ ˨˩ʔ
lựa	l ɯ a ˨˩ʔ
lực	l ɯ k̚ ˨˩ʔ
lựu	l ɯ w ˨˩ʔ
lỵ	l i ˨˩ʔ
m	spn
ma	m a ˧
mai	m a j ˧
man	m a n ˧
mang	m a ŋ̚ ˧
mangan	m a a n ˧
manh	m a ɲ̚ ˧
mao	m a w ˧
mark	m a ˧
martin	m a i n ˧
mau	m a w ˧
may	m a j ˧
me	m ɛ ˧
men	m ɛ n ˧
mi	m i ˧
mia	m i a ˧
min	m i n ˧
minh	m i ɲ̚ ˧
mini	m i j ˧
miên	m i e n ˧
miêu	m i e w ˧
miến	m i e n ˧˥
miếng	m i e ŋ̚ ˧˥
miếu	m i e w ˧˥
miền	m i e n ˨˩
miều	m i e w ˨˩
miễn	m i e n ˧˥ʔ
miện	m i e n ˨˩ʔ
miệng	m i e ŋ̚ ˨˩ʔ
miệt	m i e t̚ ˨˩ʔ
moi	m ɔ j ˧
mong	m ɔ ŋ̚ ˧
mu	m u ˧
mua	m u a ˧
muôi	m u o j ˧
muôn	m u o n ˧
muối	m u o j ˧˥
muốn	m u o n ˧˥
muống	m u o ŋ̚ ˧˥
muỗi	m u o j ˧˥ʔ
muỗng	m u o ŋ̚ ˧˥ʔ
muộn	m u o n ˨˩ʔ
my	m i ˧
mà	m a ˨˩
mài	m a j ˨˩
màn	m a n ˨˩
màng	m a ŋ̚ ˨˩
mành	m a ɲ̚ ˨˩
mào	m a w ˨˩
màu	m a w ˨˩
mày	m a j ˨˩
má	m a ˧˥
mác	m a k̚ ˧˥
mách	m a k̚ ˧˥
mái	m a j ˧˥
máng	m a ŋ̚ ˧˥
mánh	m a ɲ̚ ˧˥
máo	m a w ˧˥
mát	m a t̚ ˧˥
máu	m a w ˧˥
máy	m a j ˧˥
mâm	m ə m ˧
mân	m ə n ˧
mâu	m ə w ˧
mây	m ə j ˧
mã	m a ˧˥ʔ
mãi	m a j ˧˥ʔ
mãn	m a n ˧˥ʔ
mãnh	m a ɲ̚ ˧˥ʔ
mão	m a w ˧˥ʔ
mè	m ɛ ˨˩
mèo	m ɛ w ˨˩
mé	m ɛ ˧˥
méo	m ɛ w ˧˥
mép	m ɛ p̚ ˧˥
mét	m ɛ t̚ ˧˥
mê	m e ˧
mênh	m e ɲ̚ ˧
mì	m i ˨˩
mìn	m i n ˨˩
mình	m i ɲ̚ ˨˩
mí	m i ˧˥
mía	m i a ˧˥
mích	m i k̚ ˧˥
mít	m i t̚ ˧˥
mò	m ɔ ˨˩
mòn	m ɔ n ˨˩
mòng	m ɔ ŋ̚ ˨˩
mó	m ɔ ˧˥
móc	m ɔ k̚ ˧˥
móm	m ɔ m ˧˥
món	m ɔ n ˧˥
móng	m ɔ ŋ̚ ˧˥
mô	m o ˧
môi	m o j ˧
môn	m o n ˧
mông	m o ŋ̚ ˧
môt	m o t̚ ˧
mù	m u ˨˩
mùa	m u a ˨˩
mùi	m u j ˨˩
mùng	m u ŋ̚ ˨˩
múa	m u a ˧˥
múc	m u k̚ ˧˥
múi	m u j ˧˥
mún	m u n ˧˥
mút	m u t̚ ˧˥
măng	m ɐ ŋ̚ ˧
mĩ	m i ˧˥ʔ
mĩm	m i m ˧˥ʔ
mũ	m u ˧˥ʔ
mũi	m u j ˧˥ʔ
mũm	m u m ˧˥ʔ
mơ	m ɤ ˧
mơn	m ɤ n ˧
mưa	m ɯ a ˧
mưng	m ɯ ŋ̚ ˧
mưu	m ɯ w ˧
mươi	m ɯ ɤ j ˧
mương	m ɯ ɤ ŋ̚ ˧
mướn	m ɯ ɤ n ˧˥
mướp	m ɯ ɤ p̚ ˧˥
mướt	m ɯ ɤ t̚ ˧˥
mười	m ɯ ɤ j ˨˩
mường	m ɯ ɤ ŋ̚ ˨˩
mượn	m ɯ ɤ n ˨˩ʔ
mượt	m ɯ ɤ t̚ ˨˩ʔ
mạ	m a ˨˩ʔ
mạc	m a k̚ ˨˩ʔ
mạch	m a k̚ ˨˩ʔ
mại	m a j ˨˩ʔ
mạn	m a n ˨˩ʔ
mạng	m a ŋ̚ ˨˩ʔ
mạnh	m a ɲ̚ ˨˩ʔ
mạo	m a w ˨˩ʔ
mạp	m a p̚ ˨˩ʔ
mạt	m a t̚ ˨˩ʔ
mải	m a j ˧˩˧
mảng	m a ŋ̚ ˧˩˧
mảnh	m a ɲ̚ ˧˩˧
mất	m ə t̚ ˧˥
mấu	m ə w ˧˥
mấy	m ə j ˧˥
mầm	m ə m ˨˩
mầu	m ə w ˨˩
mẩn	m ə n ˧˩˧
mẩu	m ə w ˧˩˧
mẫm	m ə m ˧˥ʔ
mẫn	m ə n ˧˥ʔ
mẫu	m ə w ˧˥ʔ
mận	m ə n ˨˩ʔ
mập	m ə p̚ ˨˩ʔ
mật	m ə t̚ ˨˩ʔ
mắc	m ɐ k̚ ˧˥
mắm	m ɐ m ˧˥
mắn	m ɐ n ˧˥
mắng	m ɐ ŋ̚ ˧˥
mắt	m ɐ t̚ ˧˥
mặc	m ɐ k̚ ˨˩ʔ
mặn	m ɐ n ˨˩ʔ
mặt	m ɐ t̚ ˨˩ʔ
mẹ	m ɛ ˨˩ʔ
mẹo	m ɛ w ˨˩ʔ
mẻ	m ɛ ˧˩˧
mẽ	m ɛ ˧˥ʔ
mế	m e ˧˥
mến	m e n ˧˥
mếu	m e w ˧˥
mề	m e ˨˩
mềm	m e m ˨˩
mền	m e n ˨˩
mệnh	m e ɲ̚ ˨˩ʔ
mệt	m e t̚ ˨˩ʔ
mỉ	m i ˧˩˧
mỉa	m i a ˧˩˧
mỉm	m i m ˧˩˧
mị	m i ˨˩ʔ
mịch	m i k̚ ˨˩ʔ
mịn	m i n ˨˩ʔ
mịt	m i t̚ ˨˩ʔ
mọ	m ɔ ˨˩ʔ
mọc	m ɔ k̚ ˨˩ʔ
mọi	m ɔ j ˨˩ʔ
mọng	m ɔ ŋ̚ ˨˩ʔ
mọt	m ɔ t̚ ˨˩ʔ
mỏ	m ɔ ˧˩˧
mỏi	m ɔ j ˧˩˧
mỏm	m ɔ m ˧˩˧
mỏng	m ɔ ŋ̚ ˧˩˧
mốc	m o k̚ ˧˥
mối	m o j ˧˥
mống	m o ŋ̚ ˧˥
mốt	m o t̚ ˧˥
mồ	m o ˨˩
mồi	m o j ˨˩
mồm	m o m ˨˩
mồng	m o ŋ̚ ˨˩
mổ	m o ˧˩˧
mỗ	m o ˧˥ʔ
mỗi	m o j ˧˥ʔ
mộ	m o ˨˩ʔ
mộc	m o k̚ ˨˩ʔ
mộng	m o ŋ̚ ˨˩ʔ
một	m o t̚ ˨˩ʔ
mớ	m ɤ ˧˥
mới	m ɤ j ˧˥
mờ	m ɤ ˨˩
mời	m ɤ j ˨˩
mở	m ɤ ˧˩˧
mỡ	m ɤ ˧˥ʔ
mợ	m ɤ ˨˩ʔ
mụ	m u ˨˩ʔ
mục	m u k̚ ˨˩ʔ
mụi	m u j ˨˩ʔ
mụn	m u n ˨˩ʔ
mủ	m u ˧˩˧
mức	m ɯ k̚ ˧˥
mứt	m ɯ t̚ ˧˥
mừng	m ɯ ŋ̚ ˨˩
mửa	m ɯ a ˧˩˧
mực	m ɯ k̚ ˨˩ʔ
mỹ	m i ˧˥ʔ
n	spn
na	n a ˧
nai	n a j ˧
nam	n a m ˧
nan	n a n ˧
nang	n a ŋ̚ ˧
nanh	n a ɲ̚ ˧
nao	n a w ˧
nay	n a j ˧
nem	n ɛ m ˧
neo	n ɛ w ˧
nga	ŋ a ˧
ngai	ŋ a j ˧
ngang	ŋ a ŋ̚ ˧
ngao	ŋ a w ˧
ngay	ŋ a j ˧
nghe	ŋ ɛ ˧
nghi	ŋ i ˧
nghinh	ŋ i ɲ̚ ˧
nghiêm	ŋ i e m ˧
nghiên	ŋ i e n ˧
nghiêng	ŋ i e ŋ̚ ˧
nghiến	ŋ i e n ˧˥
nghiền	ŋ i e n ˨˩
nghiễm	ŋ i e m ˧˥ʔ
nghiệm	ŋ i e m ˨˩ʔ
nghiện	ŋ i e n ˨˩ʔ
nghiệp	ŋ i e p̚ ˨˩ʔ
nghiệt	ŋ i e t̚ ˨˩ʔ
nghèo	ŋ ɛ w ˨˩
nghé	ŋ ɛ ˧˥
nghén	ŋ ɛ n ˧˥
nghét	ŋ ɛ t̚ ˧˥
nghê	ŋ e ˧
nghênh	ŋ e ɲ̚ ˧
nghêu	ŋ e w ˧
nghìn	ŋ i n ˨˩
nghĩ	ŋ i ˧˥ʔ
nghĩa	ŋ i a ˧˥ʔ
nghẹn	ŋ ɛ n ˨˩ʔ
nghẹt	ŋ ɛ t̚ ˨˩ʔ
nghẽn	ŋ ɛ n ˧˥ʔ
nghề	ŋ e ˨˩
nghệ	ŋ e ˨˩ʔ
nghệch	ŋ e k̚ ˨˩ʔ
nghỉ	ŋ i ˧˩˧
nghị	ŋ i ˨˩ʔ
nghịch	ŋ i k̚ ˨˩ʔ
ngoa	ŋ ɔ a ˧
ngoai	ŋ ɔ a j ˧
ngoan	ŋ ɔ a n ˧
ngoi	ŋ ɔ j ˧
ngon	ŋ ɔ n ˧
ngoài	ŋ ɔ a j ˨˩
ngoái	ŋ ɔ a j ˧˥
ngoãn	ŋ ɔ a n ˧˥ʔ
ngoại	ŋ ɔ a j ˨˩ʔ
ngoạn	ŋ ɔ a n ˨˩ʔ
ngoắt	ŋ ɔ ɐ t̚ ˧˥
ngoặc	ŋ ɔ ɐ k̚ ˨˩ʔ
ngoặt	ŋ ɔ ɐ t̚ ˨˩ʔ
ngu	ŋ u ˧
nguy	ŋ u j ˧
nguyên	ŋ u i e n ˧
nguyền	ŋ u i e n ˨˩
nguyện	ŋ u i e n ˨˩ʔ
nguyệt	ŋ u i e t̚ ˨˩ʔ
nguôi	ŋ u o j ˧
nguồn	ŋ u o n ˨˩
nguội	ŋ u o j ˨˩ʔ
nguỵ	ŋ u j ˨˩ʔ
ngà	ŋ a ˨˩
ngài	ŋ a j ˨˩
ngàn	ŋ a n ˨˩
ngàng	ŋ a ŋ̚ ˨˩
ngành	ŋ a ɲ̚ ˨˩
ngào	ŋ a w ˨˩
ngày	ŋ a j ˨˩
ngách	ŋ a k̚ ˧˥
ngán	ŋ a n ˧˥
ngáo	ŋ a w ˧˥
ngáp	ŋ a p̚ ˧˥
ngát	ŋ a t̚ ˧˥
ngáy	ŋ a j ˧˥
ngâm	ŋ ə m ˧
ngân	ŋ ə n ˧
ngây	ŋ ə j ˧
ngã	ŋ a ˧˥ʔ
ngãi	ŋ a j ˧˥ʔ
ngò	ŋ ɔ ˨˩
ngòi	ŋ ɔ j ˨˩
ngó	ŋ ɔ ˧˥
ngóc	ŋ ɔ k̚ ˧˥
ngói	ŋ ɔ j ˧˥
ngón	ŋ ɔ n ˧˥
ngóng	ŋ ɔ ŋ̚ ˧˥
ngót	ŋ ɔ t̚ ˧˥
ngô	ŋ o ˧
ngôi	ŋ o j ˧
ngôn	ŋ o n ˧
ngông	ŋ o ŋ̚ ˧
ngõ	ŋ ɔ ˧˥ʔ
ngùi	ŋ u j ˨˩
ngùn	ŋ u n ˨˩
ngùng	ŋ u ŋ̚ ˨˩
ngút	ŋ u t̚ ˧˥
ngăn	ŋ ɐ n ˧
ngũ	ŋ u ˧˥ʔ
ngơ	ŋ ɤ ˧
ngơi	ŋ ɤ j ˧
ngư	ŋ ɯ ˧
ngưng	ŋ ɯ ŋ̚ ˧
ngưu	ŋ ɯ w ˧
ngươi	ŋ ɯ ɤ j ˧
người	ŋ ɯ ɤ j ˨˩
ngưởng	ŋ ɯ ɤ ŋ̚ ˧˩˧
ngưỡng	ŋ ɯ ɤ ŋ̚ ˧˥ʔ
ngược	ŋ ɯ ɤ k̚ ˨˩ʔ
ngượng	ŋ ɯ ɤ ŋ̚ ˨˩ʔ
ngạc	ŋ a k̚ ˨˩ʔ
ngạch	ŋ a k̚ ˨˩ʔ
ngại	ŋ a j ˨˩ʔ
ngạn	ŋ a n ˨˩ʔ
ngạo	ŋ a w ˨˩ʔ
ngạt	ŋ a t̚ ˨˩ʔ
ngả	ŋ a ˧˩˧
ngải	ŋ a j ˧˩˧
ngấm	ŋ ə m ˧˥
ngấn	ŋ ə n ˧˥
ngất	ŋ ə t̚ ˧˥
ngấy	ŋ ə j ˧˥
ngầm	ŋ ə m ˨˩
ngần	ŋ ə n ˨˩
ngầu	ŋ ə w ˨˩
ngẩm	ŋ ə m ˧˩˧
ngẩn	ŋ ə n ˧˩˧
ngẫm	ŋ ə m ˧˥ʔ
ngẫu	ŋ ə w ˧˥ʔ
ngậm	ŋ ə m ˨˩ʔ
ngập	ŋ ə p̚ ˨˩ʔ
ngậu	ŋ ə w ˨˩ʔ
ngậy	ŋ ə j ˨˩ʔ
ngắm	ŋ ɐ m ˧˥
ngắn	ŋ ɐ n ˧˥
ngắt	ŋ ɐ t̚ ˧˥
ngặt	ŋ ɐ t̚ ˨˩ʔ
ngọ	ŋ ɔ ˨˩ʔ
ngọc	ŋ ɔ k̚ ˨˩ʔ
ngọn	ŋ ɔ n ˨˩ʔ
ngọt	ŋ ɔ t̚ ˨˩ʔ
ngốc	ŋ o k̚ ˧˥
ngồi	ŋ o j ˨˩
ngổn	ŋ o n ˧˩˧
ngỗng	ŋ o ŋ̚ ˧˥ʔ
ngộ	ŋ o ˨˩ʔ
ngộp	ŋ o p̚ ˨˩ʔ
ngột	ŋ o t̚ ˨˩ʔ
ngớ	ŋ ɤ ˧˥
ngớt	ŋ ɤ t̚ ˧˥
ngờ	ŋ ɤ ˨˩
ngời	ŋ ɤ j ˨˩
ngỡ	ŋ ɤ ˧˥ʔ
ngợi	ŋ ɤ j ˨˩ʔ
ngợm	ŋ ɤ m ˨˩ʔ
ngợp	ŋ ɤ p̚ ˨˩ʔ
ngụ	ŋ u ˨˩ʔ
ngục	ŋ u k̚ ˨˩ʔ
ngụm	ŋ u m ˨˩ʔ
ngụt	ŋ u t̚ ˨˩ʔ
ngụy	ŋ u j ˨˩ʔ
ngủ	ŋ u ˧˩˧
ngủi	ŋ u j ˧˩˧
ngứa	ŋ ɯ a ˧˥
ngừ	ŋ ɯ ˨˩
ngừa	ŋ ɯ a ˨˩
ngừng	ŋ ɯ ŋ̚ ˨˩
ngửa	ŋ ɯ a ˧˩˧
ngửi	ŋ ɯ j ˧˩˧
ngữ	ŋ ɯ ˧˥ʔ
ngự	ŋ ɯ ˨˩ʔ
ngựa	ŋ ɯ a ˨˩ʔ
ngực	ŋ ɯ k̚ ˨˩ʔ
nha	ɲ a ˧
nhai	ɲ a j ˧
nham	ɲ a m ˧
nhan	ɲ a n ˧
nhang	ɲ a ŋ̚ ˧
nhanh	ɲ a ɲ̚ ˧
nhau	ɲ a w ˧
nhe	ɲ ɛ ˧
nhem	ɲ ɛ m ˧
nhen	ɲ ɛ n ˧
nheo	ɲ ɛ w ˧
nhi	ɲ i ˧
nhiên	ɲ i e n ˧
nhiêu	ɲ i e w ˧
nhiếc	ɲ i e k̚ ˧˥
nhiếp	ɲ i e p̚ ˧˥
nhiều	ɲ i e w ˨˩
nhiễm	ɲ i e m ˧˥ʔ
nhiễu	ɲ i e w ˧˥ʔ
nhiệm	ɲ i e m ˨˩ʔ
nhiệt	ɲ i e t̚ ˨˩ʔ
nho	ɲ ɔ ˧
nhoi	ɲ ɔ j ˧
nhoà	ɲ ɔ a ˨˩
nhoài	ɲ ɔ a j ˨˩
nhoáng	ɲ ɔ a ŋ̚ ˧˥
nhu	ɲ u ˧
nhum	ɲ u m ˧
nhung	ɲ u ŋ̚ ˧
nhuyễn	ɲ u i e n ˧˥ʔ
nhuần	ɲ u ə n ˨˩
nhuận	ɲ u ə n ˨˩ʔ
nhuệ	ɲ u e ˨˩ʔ
nhuốc	ɲ u o k̚ ˧˥
nhuộm	ɲ u o m ˨˩ʔ
nhà	ɲ a ˨˩
nhàm	ɲ a m ˨˩
nhàn	ɲ a n ˨˩
nhàng	ɲ a ŋ̚ ˨˩
nhào	ɲ a w ˨˩
nhàu	ɲ a w ˨˩
nhá	ɲ a ˧˥
nhác	ɲ a k̚ ˧˥
nhách	ɲ a k̚ ˧˥
nhái	ɲ a j ˧˥
nhánh	ɲ a ɲ̚ ˧˥
nháo	ɲ a w ˧˥
nháp	ɲ a p̚ ˧˥
nhát	ɲ a t̚ ˧˥
nháy	ɲ a j ˧˥
nhâm	ɲ ə m ˧
nhân	ɲ ə n ˧
nhã	ɲ a ˧˥ʔ
nhãn	ɲ a n ˧˥ʔ
nhãng	ɲ a ŋ̚ ˧˥ʔ
nhão	ɲ a w ˧˥ʔ
nhé	ɲ ɛ ˧˥
nhét	ɲ ɛ t̚ ˧˥
nhì	ɲ i ˨˩
nhìn	ɲ i n ˨˩
nhìu	ɲ i w ˨˩
nhí	ɲ i ˧˥
nhích	ɲ i k̚ ˧˥
nhím	ɲ i m ˧˥
nhíp	ɲ i p̚ ˧˥
nhòa	ɲ ɔ a ˨˩
nhòe	ɲ ɔ ɛ ˨˩
nhòm	ɲ ɔ m ˨˩
nhó	ɲ ɔ ˧˥
nhóc	ɲ ɔ k̚ ˧˥
nhói	ɲ ɔ j ˧˥
nhóm	ɲ ɔ m ˧˥
nhót	ɲ ɔ t̚ ˧˥
nhô	ɲ o ˧
nhôm	ɲ o m ˧
nhõm	ɲ ɔ m ˧˥ʔ
nhõng	ɲ ɔ ŋ̚ ˧˥ʔ
nhú	ɲ u ˧˥
nhúc	ɲ u k̚ ˧˥
nhúm	ɲ u m ˧˥
nhún	ɲ u n ˧˥
nhúng	ɲ u ŋ̚ ˧˥
nhút	ɲ u t̚ ˧˥
nhăn	ɲ ɐ n ˧
nhăng	ɲ ɐ ŋ̚ ˧
nhĩ	ɲ i ˧˥ʔ
nhũ	ɲ u ˧˥ʔ
nhũng	ɲ u ŋ̚ ˧˥ʔ
nhơ	ɲ ɤ ˧
nhơn	ɲ ɤ n ˧
như	ɲ ɯ ˧
nhưng	ɲ ɯ ŋ̚ ˧
nhường	ɲ ɯ ɤ ŋ̚ ˨˩
nhưỡng	ɲ ɯ ɤ ŋ̚ ˧˥ʔ
nhược	ɲ ɯ ɤ k̚ ˨˩ʔ
nhượng	ɲ ɯ ɤ ŋ̚ ˨˩ʔ
nhạc	ɲ a k̚ ˨˩ʔ
nhạt	ɲ a t̚ ˨˩ʔ
nhạy	ɲ a j ˨˩ʔ
nhả	ɲ a ˧˩˧
nhảm	ɲ a m ˧˩˧
nhản	ɲ a n ˧˩˧
nhảnh	ɲ a ɲ̚ ˧˩˧
nhảy	ɲ a j ˧˩˧
nhấc	ɲ ə k̚ ˧˥
nhấm	ɲ ə m ˧˥
nhấn	ɲ ə n ˧˥
nhấp	ɲ ə p̚ ˧˥
nhất	ɲ ə t̚ ˧˥
nhầm	ɲ ə m ˨˩
nhầy	ɲ ə j ˨˩
nhẩm	ɲ ə m ˧˩˧
nhẫn	ɲ ə n ˧˥ʔ
nhậm	ɲ ə m ˨˩ʔ
nhận	ɲ ə n ˨˩ʔ
nhập	ɲ ə p̚ ˨˩ʔ
nhật	ɲ ə t̚ ˨˩ʔ
nhậu	ɲ ə w ˨˩ʔ
nhắc	ɲ ɐ k̚ ˧˥
nhắm	ɲ ɐ m ˧˥
nhắn	ɲ ɐ n ˧˥
nhằm	ɲ ɐ m ˨˩
nhằn	ɲ ɐ n ˨˩
nhằng	ɲ ɐ ŋ̚ ˨˩
nhẵn	ɲ ɐ n ˧˥ʔ
nhặn	ɲ ɐ n ˨˩ʔ
nhặt	ɲ ɐ t̚ ˨˩ʔ
nhẹ	ɲ ɛ ˨˩ʔ
nhẹn	ɲ ɛ n ˨˩ʔ
nhẹt	ɲ ɛ t̚ ˨˩ʔ
nhẽ	ɲ ɛ ˧˥ʔ
nhẽo	ɲ ɛ w ˧˥ʔ
nhếch	ɲ e k̚ ˧˥
nhện	ɲ e n ˨˩ʔ
nhỉ	ɲ i ˧˩˧
nhỉnh	ɲ i ɲ̚ ˧˩˧
nhị	ɲ i ˨˩ʔ
nhịn	ɲ i n ˨˩ʔ
nhịp	ɲ i p̚ ˨˩ʔ
nhọ	ɲ ɔ ˨˩ʔ
nhọc	ɲ ɔ k̚ ˨˩ʔ
nhọn	ɲ ɔ n ˨˩ʔ
nhọt	ɲ ɔ t̚ ˨˩ʔ
nhỏ	ɲ ɔ ˧˩˧
nhỏm	ɲ ɔ m ˧˩˧
nhố	ɲ o ˧˥
nhối	ɲ o j ˧˥
nhốt	ɲ o t̚ ˧˥
nhồi	ɲ o j ˨˩
nhổ	ɲ o ˧˩˧
nhổm	ɲ o m ˧˩˧
nhộn	ɲ o n ˨˩ʔ
nhộng	ɲ o ŋ̚ ˨˩ʔ
nhớ	ɲ ɤ ˧˥
nhớt	ɲ ɤ t̚ ˧˥
nhờ	ɲ ɤ ˨˩
nhờn	ɲ ɤ n ˨˩
nhở	ɲ ɤ ˧˩˧
nhỡ	ɲ ɤ ˧˥ʔ
nhợt	ɲ ɤ t̚ ˨˩ʔ
nhục	ɲ u k̚ ˨˩ʔ
nhụt	ɲ u t̚ ˨˩ʔ
nhủ	ɲ u ˧˩˧
nhức	ɲ ɯ k̚ ˧˥
nhứt	ɲ ɯ t̚ ˧˥
nhừ	ɲ ɯ ˨˩
nhử	ɲ ɯ ˧˩˧
những	ɲ ɯ ŋ̚ ˧˥ʔ
nhựa	ɲ ɯ a ˨˩ʔ
nhựt	ɲ ɯ t̚ ˨˩ʔ
ni	n i ˧
nin	n i n ˧
ninh	n i ɲ̚ ˧
niu	n i w ˧
niêm	n i e m ˧
niên	n i e n ˧
niết	n i e t̚ ˧˥
niềm	n i e m ˨˩
niềng	n i e ŋ̚ ˨˩
niệm	n i e m ˨˩ʔ
niệu	n i e w ˨˩ʔ
no	n ɔ ˧
noi	n ɔ j ˧
nom	n ɔ m ˧
non	n ɔ n ˧
nong	n ɔ ŋ̚ ˧
noãn	n ɔ a n ˧˥ʔ
nua	n u a ˧
nung	n u ŋ̚ ˧
nuôi	n u o j ˧
nuông	n u o ŋ̚ ˧
nuối	n u o j ˧˥
nuốt	n u o t̚ ˧˥
nuột	n u o t̚ ˨˩ʔ
nà	n a ˨˩
nài	n a j ˨˩
nàn	n a n ˨˩
nàng	n a ŋ̚ ˨˩
nành	n a ɲ̚ ˨˩
nào	n a w ˨˩
này	n a j ˨˩
ná	n a ˧˥
nác	n a k̚ ˧˥
nách	n a k̚ ˧˥
nái	n a j ˧˥
nám	n a m ˧˥
nán	n a n ˧˥
náo	n a w ˧˥
nát	n a t̚ ˧˥
náu	n a w ˧˥
nâng	n ə ŋ̚ ˧
nâu	n ə w ˧
nã	n a ˧˥ʔ
não	n a w ˧˥ʔ
nãy	n a j ˧˥ʔ
nè	n ɛ ˨˩
né	n ɛ ˧˥
ném	n ɛ m ˧˥
nén	n ɛ n ˧˥
nép	n ɛ p̚ ˧˥
nét	n ɛ t̚ ˧˥
nêm	n e m ˧
nên	n e n ˧
nêu	n e w ˧
nín	n i n ˧˥
nít	n i t̚ ˧˥
níu	n i w ˧˥
nòi	n ɔ j ˨˩
nó	n ɔ ˧˥
nóc	n ɔ k̚ ˧˥
nói	n ɔ j ˧˥
nón	n ɔ n ˧˥
nóng	n ɔ ŋ̚ ˧˥
nô	n o ˧
nôi	n o j ˧
nôn	n o n ˧
nông	n o ŋ̚ ˧
nùng	n u ŋ̚ ˨˩
núc	n u k̚ ˧˥
núi	n u j ˧˥
núm	n u m ˧˥
núp	n u p̚ ˧˥
nút	n u t̚ ˧˥
năm	n ɐ m ˧
năn	n ɐ n ˧
năng	n ɐ ŋ̚ ˧
nũng	n u ŋ̚ ˧˥ʔ
nơ	n ɤ ˧
nơi	n ɤ j ˧
nơm	n ɤ m ˧
nương	n ɯ ɤ ŋ̚ ˧
nước	n ɯ ɤ k̚ ˧˥
nướng	n ɯ ɤ ŋ̚ ˧˥
nạ	n a ˨˩ʔ
nạc	n a k̚ ˨˩ʔ
nại	n a j ˨˩ʔ
nạn	n a n ˨˩ʔ
nạo	n a w ˨˩ʔ
nạp	n a p̚ ˨˩ʔ
nạt	n a t̚ ˨˩ʔ
nải	n a j ˧˩˧
nản	n a n ˧˩˧
nảy	n a j ˧˩˧
nấc	n ə k̚ ˧˥
nấm	n ə m ˧˥
nấng	n ə ŋ̚ ˧˥
nấp	n ə p̚ ˧˥
nấu	n ə w ˧˥
nấy	n ə j ˧˥
nần	n ə n ˨˩
nẩy	n ə j ˧˩˧
nẫng	n ə ŋ̚ ˧˥ʔ
nập	n ə p̚ ˨˩ʔ
nắm	n ɐ m ˧˥
nắng	n ɐ ŋ̚ ˧˥
nắp	n ɐ p̚ ˧˥
nằm	n ɐ m ˨˩
nằng	n ɐ ŋ̚ ˨˩
nẵng	n ɐ ŋ̚ ˧˥ʔ
nặc	n ɐ k̚ ˨˩ʔ
nặn	n ɐ n ˨˩ʔ
nặng	n ɐ ŋ̚ ˨˩ʔ
nẹp	n ɛ p̚ ˨˩ʔ
nẻ	n ɛ ˧˩˧
nẻo	n ɛ w ˧˩˧
nếm	n e m ˧˥
nến	n e n ˧˥
nếp	n e p̚ ˧˥
nết	n e t̚ ˧˥
nếu	n e w ˧˥
nề	n e ˨˩
nền	n e n ˨˩
nể	n e ˧˩˧
nệm	n e m ˨˩ʔ
nỉ	n i ˧˩˧
nịch	n i k̚ ˨˩ʔ
nịnh	n i ɲ̚ ˨˩ʔ
nịt	n i t̚ ˨˩ʔ
nịu	n i w ˨˩ʔ
nọ	n ɔ ˨˩ʔ
nọc	n ɔ k̚ ˨˩ʔ
nọt	n ɔ t̚ ˨˩ʔ
nỏ	n ɔ ˧˩˧
nối	n o j ˧˥
nốt	n o t̚ ˧˥
nồi	n o j ˨˩
nồm	n o m ˨˩
nồng	n o ŋ̚ ˨˩
nổ	n o ˧˩˧
nổi	n o j ˧˩˧
nỗ	n o ˧˥ʔ
nỗi	n o j ˧˥ʔ
nộ	n o ˨˩ʔ
nội	n o j ˨˩ʔ
nộm	n o m ˨˩ʔ
nộp	n o p̚ ˨˩ʔ
nới	n ɤ j ˧˥
nớp	n ɤ p̚ ˧˥
nớt	n ɤ t̚ ˧˥
nở	n ɤ ˧˩˧
nỡ	n ɤ ˧˥ʔ
nợ	n ɤ ˨˩ʔ
nụ	n u ˨˩ʔ
nức	n ɯ k̚ ˧˥
nứt	n ɯ t̚ ˧˥
nửa	n ɯ a ˧˩˧
nữ	n ɯ ˧˥ʔ
nữa	n ɯ a ˧˥ʔ
nữanh	n ɯ a ɲ̚ ˧˥ʔ
nực	n ɯ k̚ ˨˩ʔ
nựng	n ɯ ŋ̚ ˨˩ʔ
oa	ɔ a ˧
oai	ɔ a j ˧
oan	ɔ a n ˧
oanh	ɔ a ɲ̚ ˧
oi	ɔ j ˧
ok	ɔ ˧
om	ɔ m ˧
ong	ɔ ŋ̚ ˧
oxi	ɔ j ˧
oxy	ɔ j ˧
oái	ɔ a j ˧˥
oán	ɔ a n ˧˥
oánh	ɔ a ɲ̚ ˧˥
oăm	ɔ ɐ m ˧
oải	ɔ a j ˧˩˧
oằn	ɔ ɐ n ˨˩
p	spn
pa	p a ˧
pen	p ɛ n ˧
ph	spn
pha	f a ˧
phai	f a j ˧
phan	f a n ˧
phang	f a ŋ̚ ˧
phanh	f a ɲ̚ ˧
phao	f a w ˧
phay	f a j ˧
phe	f ɛ ˧
phen	f ɛ n ˧
phi	f i ˧
phim	f i m ˧
phin	f i n ˧
phiên	f i e n ˧
phiêu	f i e w ˧
phiếm	f i e m ˧˥
phiến	f i e n ˧˥
phiếu	f i e w ˧˥
phiền	f i e n ˨˩
phiện	f i e n ˨˩ʔ
pho	f ɔ ˧
phom	f ɔ m ˧
phong	f ɔ ŋ̚ ˧
phu	f u ˧
phui	f u j ˧
phun	f u n ˧
phung	f u ŋ̚ ˧
phuy	f u j ˧
phà	f a ˨˩
phàm	f a m ˨˩
phàn	f a n ˨˩
phàng	f a ŋ̚ ˨˩
phào	f a w ˨˩
phá	f a ˧˥
phác	f a k̚ ˧˥
phách	f a k̚ ˧˥
phái	f a j ˧˥
phán	f a n ˧˥
pháo	f a w ˧˥
pháp	f a p̚ ˧˥
phát	f a t̚ ˧˥
phân	f ə n ˧
phèn	f ɛ n ˨˩
phèo	f ɛ w ˨˩
phép	f ɛ p̚ ˧˥
phê	f e ˧
phì	f i ˨˩
phình	f i ɲ̚ ˨˩
phí	f i ˧˥
phía	f i a ˧˥
phím	f i m ˧˥
phòng	f ɔ ŋ̚ ˨˩
phó	f ɔ ˧˥
phóng	f ɔ ŋ̚ ˧˥
phô	f o ˧
phôi	f o j ˧
phông	f o ŋ̚ ˧
phù	f u ˨˩
phùng	f u ŋ̚ ˨˩
phú	f u ˧˥
phúc	f u k̚ ˧˥
phút	f u t̚ ˧˥
phăng	f ɐ ŋ̚ ˧
phũ	f u ˧˥ʔ
phơ	f ɤ ˧
phơi	f ɤ j ˧
phương	f ɯ ɤ ŋ̚ ˧
phước	f ɯ ɤ k̚ ˧˥
phường	f ɯ ɤ ŋ̚ ˨˩
phượng	f ɯ ɤ ŋ̚ ˨˩ʔ
phạm	f a m ˨˩ʔ
phạt	f a t̚ ˨˩ʔ
phả	f a ˧˩˧
phải	f a j ˧˩˧
phản	f a n ˧˩˧
phảng	f a ŋ̚ ˧˩˧
phấn	f ə n ˧˥
phất	f ə t̚ ˧˥
phầm	f ə m ˨˩
phần	f ə n ˨˩
phẩm	f ə m ˧˩˧
phẩy	f ə j ˧˩˧
phẫn	f ə n ˧˥ʔ
phẫu	f ə w ˧˥ʔ
phận	f ə n ˨˩ʔ
phật	f ə t̚ ˨˩ʔ
phẳng	f ɐ ŋ̚ ˧˩˧
phế	f e ˧˥
phết	f e t̚ ˧˥
phỏng	f ɔ ŋ̚ ˧˩˧
phố	f o ˧˥
phối	f o j ˧˥
phốt	f o t̚ ˧˥
phồn	f o n ˨˩
phồng	f o ŋ̚ ˨˩
phổ	f o ˧˩˧
phổi	f o j ˧˩˧
phổng	f o ŋ̚ ˧˩˧
phộng	f o ŋ̚ ˨˩ʔ
phớ	f ɤ ˧˥
phớt	f ɤ t̚ ˧˥
phở	f ɤ ˧˩˧
phụ	f u ˨˩ʔ
phục	f u k̚ ˨˩ʔ
phụng	f u ŋ̚ ˨˩ʔ
phủ	f u ˧˩˧
phức	f ɯ k̚ ˧˥
pi	p i ˧
pin	p i n ˧
pop	p ɔ p̚ ˧
pu	p u ˧
pô	p o ˧
pơ	p ɤ ˧
q	spn
qua	kw a ˧
quai	kw a j ˧
quan	kw a n ˧
quang	kw a ŋ̚ ˧
quanh	kw a ɲ̚ ˧
quay	kw a j ˧
que	kw ɛ ˧
quen	kw ɛ n ˧
qui	kw i ˧
quy	kw i ˧
quyên	kw i e n ˧
quyến	kw i e n ˧˥
quyết	kw i e t̚ ˧˥
quyền	kw i e n ˨˩
quyển	kw i e n ˧˩˧
quyện	kw i e n ˨˩ʔ
quyệt	kw i e t̚ ˨˩ʔ
quà	kw a ˨˩
quá	kw a ˧˥
quách	kw a k̚ ˧˥
quái	kw a j ˧˥
quán	kw a n ˧˥
quáng	kw a ŋ̚ ˧˥
quát	kw a t̚ ˧˥
quân	kw ə n ˧
quây	kw ə j ˧
quãng	kw a ŋ̚ ˧˥ʔ
quét	kw ɛ t̚ ˧˥
quê	kw e ˧
quên	kw e n ˧
quí	kw i ˧˥
quý	kw i ˧˥
quýt	kw i t̚ ˧˥
quăng	kw ɐ ŋ̚ ˧
quơ	kw ɤ ˧
quại	kw a j ˨˩ʔ
quạnh	kw a ɲ̚ ˨˩ʔ
quạt	kw a t̚ ˨˩ʔ
quả	kw a ˧˩˧
quản	kw a n ˧˩˧
quảng	kw a ŋ̚ ˧˩˧
quấn	kw ə n ˧˥
quất	kw ə t̚ ˧˥
quấy	kw ə j ˧˥
quần	kw ə n ˨˩
quầng	kw ə ŋ̚ ˨˩
quầy	kw ə j ˨˩
quẩn	kw ə n ˧˩˧
quẫn	kw ə n ˧˥ʔ
quận	kw ə n ˨˩ʔ
quật	kw ə t̚ ˨˩ʔ
quậy	kw ə j ˨˩ʔ
quắp	kw ɐ p̚ ˧˥
quắt	kw ɐ t̚ ˧˥
quằn	kw ɐ n ˨˩
quẳng	kw ɐ ŋ̚ ˧˩˧
quặc	kw ɐ k̚ ˨˩ʔ
quặn	kw ɐ n ˨˩ʔ
quặng	kw ɐ ŋ̚ ˨˩ʔ
quặt	kw ɐ t̚ ˨˩ʔ
quẹo	kw ɛ w ˨˩ʔ
quẹt	kw ɛ t̚ ˨˩ʔ
quế	kw e ˧˥
quệ	kw e ˨˩ʔ
quện	kw e n ˨˩ʔ
quệt	kw e t̚ ˨˩ʔ
quốc	kw o k̚ ˧˥
quỳ	kw i ˨˩
quỳnh	kw i ɲ̚ ˨˩
quỵ	kw i ˨˩ʔ
quỵt	kw i t̚ ˨˩ʔ
quỷ	kw i ˧˩˧
quỹ	kw i ˧˥ʔ
qúy	kw i ˧˥
ra	r a ˧
radio	r a i w ˧
rai	r a j ˧
ram	r a m ˧
rang	r a ŋ̚ ˧
ranh	r a ɲ̚ ˧
rao	r a w ˧
rau	r a w ˧
ray	r a j ˧
real	r ɛ a ˧
ren	r ɛ n ˧
reo	r ɛ w ˧
ri	r i ˧
rim	r i m ˧
rinh	r i ɲ̚ ˧
riu	r i w ˧
riêng	r i e ŋ̚ ˧
riết	r i e t̚ ˧˥
riềng	r i e ŋ̚ ˨˩
ro	r ɔ ˧
robot	r ɔ ɔ t̚ ˧
rock	r ɔ ˧
roi	r ɔ j ˧
rong	r ɔ ŋ̚ ˧
ru	r u ˧
rua	r u a ˧
run	r u n ˧
rung	r u ŋ̚ ˧
ruồi	r u o j ˨˩
ruồng	r u o ŋ̚ ˨˩
ruổi	r u o j ˧˩˧
ruộng	r u o ŋ̚ ˨˩ʔ
ruột	r u o t̚ ˨˩ʔ
rà	r a ˨˩
ràng	r a ŋ̚ ˨˩
rành	r a ɲ̚ ˨˩
rào	r a w ˨˩
rác	r a k̚ ˧˥
rách	r a k̚ ˧˥
rán	r a n ˧˥
ráng	r a ŋ̚ ˧˥
ráo	r a w ˧˥
ráp	r a p̚ ˧˥
rát	r a t̚ ˧˥
râm	r ə m ˧
râu	r ə w ˧
rã	r a ˧˥ʔ
rãi	r a j ˧˥ʔ
rãnh	r a ɲ̚ ˧˥ʔ
rè	r ɛ ˨˩
rèm	r ɛ m ˨˩
rèn	r ɛ n ˨˩
rét	r ɛ t̚ ˧˥
rên	r e n ˧
rêu	r e w ˧
rìa	r i a ˨˩
rình	r i ɲ̚ ˨˩
rìu	r i w ˨˩
rích	r i k̚ ˧˥
rít	r i t̚ ˧˥
ríu	r i w ˧˥
rò	r ɔ ˨˩
ròng	r ɔ ŋ̚ ˨˩
róc	r ɔ k̚ ˧˥
rói	r ɔ j ˧˥
rót	r ɔ t̚ ˧˥
rô	r o ˧
rôm	r o m ˧
rôn	r o n ˧
rông	r o ŋ̚ ˧
rõ	r ɔ ˧˥ʔ
rùa	r u a ˨˩
rùng	r u ŋ̚ ˨˩
rú	r u ˧˥
rúng	r u ŋ̚ ˧˥
rút	r u t̚ ˧˥
răm	r ɐ m ˧
răn	r ɐ n ˧
răng	r ɐ ŋ̚ ˧
rũ	r u ˧˥ʔ
rơ	r ɤ ˧
rơi	r ɤ j ˧
rơm	r ɤ m ˧
rưng	r ɯ ŋ̚ ˧
rước	r ɯ ɤ k̚ ˧˥
rưới	r ɯ ɤ j ˧˥
rưỡi	r ɯ ɤ j ˧˥ʔ
rượi	r ɯ ɤ j ˨˩ʔ
rượt	r ɯ ɤ t̚ ˨˩ʔ
rượu	r ɯ ɤ w ˨˩ʔ
rạ	r a ˨˩ʔ
rạc	r a k̚ ˨˩ʔ
rạch	r a k̚ ˨˩ʔ
rạn	r a n ˨˩ʔ
rạng	r a ŋ̚ ˨˩ʔ
rạo	r a w ˨˩ʔ
rạp	r a p̚ ˨˩ʔ
rả	r a ˧˩˧
rải	r a j ˧˩˧
rảnh	r a ɲ̚ ˧˩˧
rất	r ə t̚ ˧˥
rầm	r ə m ˨˩
rần	r ə n ˨˩
rầu	r ə w ˨˩
rầy	r ə j ˨˩
rẩy	r ə j ˧˩˧
rẫy	r ə j ˧˥ʔ
rậm	r ə m ˨˩ʔ
rận	r ə n ˨˩ʔ
rập	r ə p̚ ˨˩ʔ
rắc	r ɐ k̚ ˧˥
rắn	r ɐ n ˧˥
rắp	r ɐ p̚ ˧˥
rắt	r ɐ t̚ ˧˥
rằm	r ɐ m ˨˩
rằn	r ɐ n ˨˩
rằng	r ɐ ŋ̚ ˨˩
rặn	r ɐ n ˨˩ʔ
rặng	r ɐ ŋ̚ ˨˩ʔ
rẻ	r ɛ ˧˩˧
rẽ	r ɛ ˧˥ʔ
rết	r e t̚ ˧˥
rền	r e n ˨˩
rể	r e ˧˩˧
rễ	r e ˧˥ʔ
rệ	r e ˨˩ʔ
rệt	r e t̚ ˨˩ʔ
rệu	r e w ˨˩ʔ
rỉ	r i ˧˩˧
rỉnh	r i ɲ̚ ˧˩˧
rịa	r i a ˨˩ʔ
rọ	r ɔ ˨˩ʔ
rọi	r ɔ j ˨˩ʔ
rối	r o j ˧˥
rốn	r o n ˧˥
rốt	r o t̚ ˧˥
rồ	r o ˨˩
rồi	r o j ˨˩
rồng	r o ŋ̚ ˨˩
rổ	r o ˧˩˧
rỗ	r o ˧˥ʔ
rỗi	r o j ˧˥ʔ
rỗng	r o ŋ̚ ˧˥ʔ
rộ	r o ˨˩ʔ
rộn	r o n ˨˩ʔ
rộng	r o ŋ̚ ˨˩ʔ
rộp	r o p̚ ˨˩ʔ
rớm	r ɤ m ˧˥
rớt	r ɤ t̚ ˧˥
rời	r ɤ j ˨˩
rởm	r ɤ m ˧˩˧
rỡ	r ɤ ˧˥ʔ
rợn	r ɤ n ˨˩ʔ
rợp	r ɤ p̚ ˨˩ʔ
rụi	r u j ˨˩ʔ
rụng	r u ŋ̚ ˨˩ʔ
rụt	r u t̚ ˨˩ʔ
rủ	r u ˧˩˧
rủi	r u j ˧˩˧
rủng	r u ŋ̚ ˧˩˧
rứt	r ɯ t̚ ˧˥
rừng	r ɯ ŋ̚ ˨˩
rửa	r ɯ a ˧˩˧
rựa	r ɯ a ˨˩ʔ
rực	r ɯ k̚ ˨˩ʔ
s	spn
sa	s a ˧
sai	s a j ˧
sam	s a m ˧
san	s a n ˧
sang	s a ŋ̚ ˧
sanh	s a ɲ̚ ˧
sao	s a w ˧
sau	s a w ˧
say	s a j ˧
se	s ɛ ˧
sen	s ɛ n ˧
seo	s ɛ w ˧
sex	s ɛ ˧
shop	s ɔ p̚ ˧
si	s i ˧
sim	s i m ˧
sinh	s i ɲ̚ ˧
siêng	s i e ŋ̚ ˧
siêu	s i e w ˧
siết	s i e t̚ ˧˥
so	s ɔ ˧
soi	s ɔ j ˧
sol	s ɔ ˧
son	s ɔ n ˧
song	s ɔ ŋ̚ ˧
soái	s ɔ a j ˧˥
soát	s ɔ a t̚ ˧˥
soạn	s ɔ a n ˨˩ʔ
stress	s ɛ ˧
studio	s u i w ˧
su	s u ˧
sum	s u m ˧
sung	s u ŋ̚ ˧
suy	s u j ˧
suyễn	s u i e n ˧˥ʔ
suê	s u e ˧
suôn	s u o n ˧
suông	s u o ŋ̚ ˧
suýt	s u i t̚ ˧˥
suất	s u ə t̚ ˧˥
suối	s u o j ˧˥
suốt	s u o t̚ ˧˥
sà	s a ˨˩
sài	s a j ˨˩
sàm	s a m ˨˩
sàn	s a n ˨˩
sàng	s a ŋ̚ ˨˩
sành	s a ɲ̚ ˨˩
sào	s a w ˨˩
sá	s a ˧˥
sách	s a k̚ ˧˥
sái	s a j ˧˥
sám	s a m ˧˥
sán	s a n ˧˥
sáng	s a ŋ̚ ˧˥
sánh	s a ɲ̚ ˧˥
sáo	s a w ˧˥
sáp	s a p̚ ˧˥
sát	s a t̚ ˧˥
sáu	s a w ˧˥
sâm	s ə m ˧
sân	s ə n ˧
sâu	s ə w ˧
sãi	s a j ˧˥ʔ
séc	s ɛ k̚ ˧˥
sét	s ɛ t̚ ˧˥
sê	s e ˧
sì	s i ˨˩
sính	s i ɲ̚ ˧˥
sò	s ɔ ˨˩
sòng	s ɔ ŋ̚ ˨˩
sóc	s ɔ k̚ ˧˥
sói	s ɔ j ˧˥
són	s ɔ n ˧˥
sóng	s ɔ ŋ̚ ˧˥
sót	s ɔ t̚ ˧˥
sô	s o ˧
sôi	s o j ˧
sông	s o ŋ̚ ˧
sùi	s u j ˨˩
sùng	s u ŋ̚ ˨˩
súc	s u k̚ ˧˥
sún	s u n ˧˥
súng	s u ŋ̚ ˧˥
súp	s u p̚ ˧˥
sút	s u t̚ ˧˥
săm	s ɐ m ˧
săn	s ɐ n ˧
sĩ	s i ˧˥ʔ
sũng	s u ŋ̚ ˧˥ʔ
sơ	s ɤ ˧
sơn	s ɤ n ˧
sư	s ɯ ˧
sưa	s ɯ a ˧
sưng	s ɯ ŋ̚ ˧
sưu	s ɯ w ˧
sương	s ɯ ɤ ŋ̚ ˧
sướng	s ɯ ɤ ŋ̚ ˧˥
sườn	s ɯ ɤ n ˨˩
sưởi	s ɯ ɤ j ˧˩˧
sượng	s ɯ ɤ ŋ̚ ˨˩ʔ
sạc	s a k̚ ˨˩ʔ
sạch	s a k̚ ˨˩ʔ
sạm	s a m ˨˩ʔ
sạn	s a n ˨˩ʔ
sạp	s a p̚ ˨˩ʔ
sạt	s a t̚ ˨˩ʔ
sả	s a ˧˩˧
sải	s a j ˧˩˧
sản	s a n ˧˩˧
sảng	s a ŋ̚ ˧˩˧
sảnh	s a ɲ̚ ˧˩˧
sảo	s a w ˧˩˧
sảy	s a j ˧˩˧
sấm	s ə m ˧˥
sấp	s ə p̚ ˧˥
sấu	s ə w ˧˥
sấy	s ə j ˧˥
sầm	s ə m ˨˩
sần	s ə n ˨˩
sầu	s ə w ˨˩
sẩy	s ə j ˧˩˧
sậm	s ə m ˨˩ʔ
sập	s ə p̚ ˨˩ʔ
sắc	s ɐ k̚ ˧˥
sắm	s ɐ m ˧˥
sắn	s ɐ n ˧˥
sắng	s ɐ ŋ̚ ˧˥
sắp	s ɐ p̚ ˧˥
sắt	s ɐ t̚ ˧˥
sẵn	s ɐ n ˧˥ʔ
sặc	s ɐ k̚ ˨˩ʔ
sẹo	s ɛ w ˨˩ʔ
sẻ	s ɛ ˧˩˧
sẽ	s ɛ ˧˥ʔ
sếp	s e p̚ ˧˥
sề	s e ˨˩
sền	s e n ˨˩
sệ	s e ˨˩ʔ
sệt	s e t̚ ˨˩ʔ
sỉ	s i ˧˩˧
sịt	s i t̚ ˨˩ʔ
sọ	s ɔ ˨˩ʔ
sọc	s ɔ k̚ ˨˩ʔ
sỏi	s ɔ j ˧˩˧
số	s o ˧˥
sốc	s o k̚ ˧˥
sống	s o ŋ̚ ˧˥
sốt	s o t̚ ˧˥
sồ	s o ˨˩
sồi	s o j ˨˩
sổ	s o ˧˩˧
sộ	s o ˨˩ʔ
sớm	s ɤ m ˧˥
sớt	s ɤ t̚ ˧˥
sờ	s ɤ ˨˩
sở	s ɤ ˧˩˧
sởi	s ɤ j ˧˩˧
sởn	s ɤ n ˧˩˧
sỡ	s ɤ ˧˥ʔ
sợ	s ɤ ˨˩ʔ
sợi	s ɤ j ˨˩ʔ
sụ	s u ˨˩ʔ
sụa	s u a ˨˩ʔ
sục	s u k̚ ˨˩ʔ
sụn	s u n ˨˩ʔ
sụp	s u p̚ ˨˩ʔ
sụt	s u t̚ ˨˩ʔ
sủa	s u a ˧˩˧
sủng	s u ŋ̚ ˧˩˧
sứ	s ɯ ˧˥
sứa	s ɯ a ˧˥
sức	s ɯ k̚ ˧˥
sứt	s ɯ t̚ ˧˥
sừng	s ɯ ŋ̚ ˨˩
sử	s ɯ ˧˩˧
sửa	s ɯ a ˧˩˧
sửng	s ɯ ŋ̚ ˧˩˧
sửu	s ɯ w ˧˩˧
sữa	s ɯ a ˧˥ʔ
sững	s ɯ ŋ̚ ˧˥ʔ
sự	s ɯ ˨˩ʔ
sỹ	s i ˧˥ʔ
ta	t a ˧
tai	t a j ˧
tam	t a m ˧
tan	t a n ˧
tang	t a ŋ̚ ˧
tanh	t a ɲ̚ ˧
tao	t a w ˧
taxi	t a j ˧
tay	t a j ˧
te	t ɛ ˧
tem	t ɛ m ˧
teo	t ɛ w ˧
test	t ɛ t̚ ˧
tha	tʰ a ˧
thai	tʰ a j ˧
tham	tʰ a m ˧
than	tʰ a n ˧
thang	tʰ a ŋ̚ ˧
thanh	tʰ a ɲ̚ ˧
thao	tʰ a w ˧
thau	tʰ a w ˧
thay	tʰ a j ˧
the	tʰ ɛ ˧
then	tʰ ɛ n ˧
theo	tʰ ɛ w ˧
thi	tʰ i ˧
thinh	tʰ i ɲ̚ ˧
thiu	tʰ i w ˧
thiêm	tʰ i e m ˧
thiên	tʰ i e n ˧
thiêng	tʰ i e ŋ̚ ˧
thiêu	tʰ i e w ˧
thiếp	tʰ i e p̚ ˧˥
thiết	tʰ i e t̚ ˧˥
thiếu	tʰ i e w ˧˥
thiền	tʰ i e n ˨˩
thiều	tʰ i e w ˨˩
thiểu	tʰ i e w ˧˩˧
thiện	tʰ i e n ˨˩ʔ
thiệp	tʰ i e p̚ ˨˩ʔ
thiệt	tʰ i e t̚ ˨˩ʔ
thiệu	tʰ i e w ˨˩ʔ
tho	tʰ ɔ ˧
thoa	tʰ ɔ a ˧
thoi	tʰ ɔ j ˧
thon	tʰ ɔ n ˧
thong	tʰ ɔ ŋ̚ ˧
thoái	tʰ ɔ a j ˧˥
thoáng	tʰ ɔ a ŋ̚ ˧˥
thoát	tʰ ɔ a t̚ ˧˥
thoại	tʰ ɔ a j ˨˩ʔ
thoạt	tʰ ɔ a t̚ ˨˩ʔ
thoả	tʰ ɔ a ˧˩˧
thoải	tʰ ɔ a j ˧˩˧
thoảng	tʰ ɔ a ŋ̚ ˧˩˧
thu	tʰ u ˧
thua	tʰ u a ˧
thui	tʰ u j ˧
thun	tʰ u n ˧
thung	tʰ u ŋ̚ ˧
thuyên	tʰ u i e n ˧
thuyết	tʰ u i e t̚ ˧˥
thuyền	tʰ u i e n ˨˩
thuê	tʰ u e ˧
thuôn	tʰ u o n ˧
thuấn	tʰ u ə n ˧˥
thuần	tʰ u ə n ˨˩
thuẫn	tʰ u ə n ˧˥ʔ
thuận	tʰ u ə n ˨˩ʔ
thuật	tʰ u ə t̚ ˨˩ʔ
thuế	tʰ u e ˧˥
thuốc	tʰ u o k̚ ˧˥
thuộc	tʰ u o k̚ ˨˩ʔ
thuột	tʰ u o t̚ ˨˩ʔ
thuở	tʰ u ɤ ˧˩˧
thuỳ	tʰ u j ˨˩
thuỷ	tʰ u j ˧˩˧
thà	tʰ a ˨˩
thành	tʰ a ɲ̚ ˨˩
thào	tʰ a w ˨˩
thày	tʰ a j ˨˩
thác	tʰ a k̚ ˧˥
thách	tʰ a k̚ ˧˥
thái	tʰ a j ˧˥
thám	tʰ a m ˧˥
thán	tʰ a n ˧˥
tháng	tʰ a ŋ̚ ˧˥
thánh	tʰ a ɲ̚ ˧˥
tháo	tʰ a w ˧˥
tháp	tʰ a p̚ ˧˥
thâm	tʰ ə m ˧
thân	tʰ ə n ˧
thâu	tʰ ə w ˧
thây	tʰ ə j ˧
thèm	tʰ ɛ m ˨˩
thép	tʰ ɛ p̚ ˧˥
thét	tʰ ɛ t̚ ˧˥
thê	tʰ e ˧
thêm	tʰ e m ˧
thêu	tʰ e w ˧
thì	tʰ i ˨˩
thìa	tʰ i a ˨˩
thìn	tʰ i n ˨˩
thình	tʰ i ɲ̚ ˨˩
thí	tʰ i ˧˥
thía	tʰ i a ˧˥
thích	tʰ i k̚ ˧˥
thím	tʰ i m ˧˥
thính	tʰ i ɲ̚ ˧˥
thít	tʰ i t̚ ˧˥
thò	tʰ ɔ ˨˩
thòi	tʰ ɔ j ˨˩
thó	tʰ ɔ ˧˥
thóc	tʰ ɔ k̚ ˧˥
thói	tʰ ɔ j ˧˥
thóp	tʰ ɔ p̚ ˧˥
thót	tʰ ɔ t̚ ˧˥
thô	tʰ o ˧
thôi	tʰ o j ˧
thôn	tʰ o n ˧
thông	tʰ o ŋ̚ ˧
thù	tʰ u ˨˩
thùng	tʰ u ŋ̚ ˨˩
thùy	tʰ u j ˨˩
thú	tʰ u ˧˥
thúc	tʰ u k̚ ˧˥
thúng	tʰ u ŋ̚ ˧˥
thút	tʰ u t̚ ˧˥
thúy	tʰ u j ˧˥
thăm	tʰ ɐ m ˧
thăn	tʰ ɐ n ˧
thăng	tʰ ɐ ŋ̚ ˧
thũng	tʰ u ŋ̚ ˧˥ʔ
thơ	tʰ ɤ ˧
thơi	tʰ ɤ j ˧
thơm	tʰ ɤ m ˧
thư	tʰ ɯ ˧
thưa	tʰ ɯ a ˧
thương	tʰ ɯ ɤ ŋ̚ ˧
thước	tʰ ɯ ɤ k̚ ˧˥
thường	tʰ ɯ ɤ ŋ̚ ˨˩
thưởng	tʰ ɯ ɤ ŋ̚ ˧˩˧
thược	tʰ ɯ ɤ k̚ ˨˩ʔ
thượng	tʰ ɯ ɤ ŋ̚ ˨˩ʔ
thượt	tʰ ɯ ɤ t̚ ˨˩ʔ
thạc	tʰ a k̚ ˨˩ʔ
thạch	tʰ a k̚ ˨˩ʔ
thạnh	tʰ a ɲ̚ ˨˩ʔ
thạo	tʰ a w ˨˩ʔ
thả	tʰ a ˧˩˧
thải	tʰ a j ˧˩˧
thảm	tʰ a m ˧˩˧
thản	tʰ a n ˧˩˧
thảng	tʰ a ŋ̚ ˧˩˧
thảnh	tʰ a ɲ̚ ˧˩˧
thảo	tʰ a w ˧˩˧
thảy	tʰ a j ˧˩˧
thấm	tʰ ə m ˧˥
thấp	tʰ ə p̚ ˧˥
thất	tʰ ə t̚ ˧˥
thấu	tʰ ə w ˧˥
thấy	tʰ ə j ˧˥
thầm	tʰ ə m ˨˩
thần	tʰ ə n ˨˩
thầu	tʰ ə w ˨˩
thầy	tʰ ə j ˨˩
thẩm	tʰ ə m ˧˩˧
thẫm	tʰ ə m ˧˥ʔ
thậm	tʰ ə m ˨˩ʔ
thận	tʰ ə n ˨˩ʔ
thập	tʰ ə p̚ ˨˩ʔ
thật	tʰ ə t̚ ˨˩ʔ
thắc	tʰ ɐ k̚ ˧˥
thắm	tʰ ɐ m ˧˥
thắn	tʰ ɐ n ˧˥
thắng	tʰ ɐ ŋ̚ ˧˥
thắp	tʰ ɐ p̚ ˧˥
thắt	tʰ ɐ t̚ ˧˥
thằn	tʰ ɐ n ˨˩
thằng	tʰ ɐ ŋ̚ ˨˩
thẳng	tʰ ɐ ŋ̚ ˧˩˧
thẻ	tʰ ɛ ˧˩˧
thế	tʰ e ˧˥
thếp	tʰ e p̚ ˧˥
thết	tʰ e t̚ ˧˥
thề	tʰ e ˨˩
thềm	tʰ e m ˨˩
thể	tʰ e ˧˩˧
thỉnh	tʰ i ɲ̚ ˧˩˧
thỉu	tʰ i w ˧˩˧
thị	tʰ i ˨˩ʔ
thịnh	tʰ i ɲ̚ ˨˩ʔ
thịt	tʰ i t̚ ˨˩ʔ
thọ	tʰ ɔ ˨˩ʔ
thỏ	tʰ ɔ ˧˩˧
thỏa	tʰ ɔ a ˧˩˧
thỏi	tʰ ɔ j ˧˩˧
thỏm	tʰ ɔ m ˧˩˧
thố	tʰ o ˧˥
thối	tʰ o j ˧˥
thốn	tʰ o n ˧˥
thống	tʰ o ŋ̚ ˧˥
thốt	tʰ o t̚ ˧˥
thổ	tʰ o ˧˩˧
thổi	tʰ o j ˧˩˧
thớ	tʰ ɤ ˧˥
thới	tʰ ɤ j ˧˥
thớt	tʰ ɤ t̚ ˧˥
thờ	tʰ ɤ ˨˩
thời	tʰ ɤ j ˨˩
thở	tʰ ɤ ˧˩˧
thợ	tʰ ɤ ˨˩ʔ
thụ	tʰ u ˨˩ʔ
thục	tʰ u k̚ ˨˩ʔ
thụt	tʰ u t̚ ˨˩ʔ
thụy	tʰ u j ˨˩ʔ
thủ	tʰ u ˧˩˧
thủi	tʰ u j ˧˩˧
thủng	tʰ u ŋ̚ ˧˩˧
thủy	tʰ u j ˧˩˧
thứ	tʰ ɯ ˧˥
thức	tʰ ɯ k̚ ˧˥
thừa	tʰ ɯ a ˨˩
thừng	tʰ ɯ ŋ̚ ˨˩
thử	tʰ ɯ ˧˩˧
thửa	tʰ ɯ a ˧˩˧
thự	tʰ ɯ ˨˩ʔ
thực	tʰ ɯ k̚ ˨˩ʔ
ti	t i ˧
tia	t i a ˧
tim	t i m ˧
tin	t i n ˧
tinh	t i ɲ̚ ˧
tivi	t i j ˧
tiêm	t i e m ˧
tiên	t i e n ˧
tiêu	t i e w ˧
tiếc	t i e k̚ ˧˥
tiến	t i e n ˧˥
tiếng	t i e ŋ̚ ˧˥
tiếp	t i e p̚ ˧˥
tiết	t i e t̚ ˧˥
tiếu	t i e w ˧˥
tiềm	t i e m ˨˩
tiền	t i e n ˨˩
tiều	t i e w ˨˩
tiểu	t i e w ˧˩˧
tiễn	t i e n ˧˥ʔ
tiệc	t i e k̚ ˨˩ʔ
tiệm	t i e m ˨˩ʔ
tiện	t i e n ˨˩ʔ
tiệp	t i e p̚ ˨˩ʔ
tiệt	t i e t̚ ˨˩ʔ
to	t ɔ ˧
toa	t ɔ a ˧
toan	t ɔ a n ˧
toi	t ɔ j ˧
toilet	t ɔ i ɛ t̚ ˧
tom	t ɔ m ˧
ton	t ɔ n ˧
top	t ɔ p̚ ˧
toà	t ɔ a ˨˩
toàn	t ɔ a n ˨˩
toác	t ɔ a k̚ ˧˥
toái	t ɔ a j ˧˥
toán	t ɔ a n ˧˥
toát	t ɔ a t̚ ˧˥
toạc	t ɔ a k̚ ˨˩ʔ
toại	t ɔ a j ˨˩ʔ
toả	t ɔ a ˧˩˧
toản	t ɔ a n ˧˩˧
tr	spn
tra	ʈ a ˧
trai	ʈ a j ˧
trang	ʈ a ŋ̚ ˧
tranh	ʈ a ɲ̚ ˧
trao	ʈ a w ˧
trau	ʈ a w ˧
tre	ʈ ɛ ˧
treo	ʈ ɛ w ˧
tri	ʈ i ˧
trinh	ʈ i ɲ̚ ˧
triết	ʈ i e t̚ ˧˥
triền	ʈ i e n ˨˩
triều	ʈ i e w ˨˩
triển	ʈ i e n ˧˩˧
triệt	ʈ i e t̚ ˨˩ʔ
triệu	ʈ i e w ˨˩ʔ
tro	ʈ ɔ ˧
trong	ʈ ɔ ŋ̚ ˧
tru	ʈ u ˧
trui	ʈ u j ˧
trung	ʈ u ŋ̚ ˧
truy	ʈ u j ˧
truyền	ʈ u i e n ˨˩
truyện	ʈ u i e n ˨˩ʔ
truồng	ʈ u o ŋ̚ ˨˩
trà	ʈ a ˨˩
tràm	ʈ a m ˨˩
tràn	ʈ a n ˨˩
tràng	ʈ a ŋ̚ ˨˩
trào	ʈ a w ˨˩
trá	ʈ a ˧˥
trác	ʈ a k̚ ˧˥
trách	ʈ a k̚ ˧˥
trái	ʈ a j ˧˥
trám	ʈ a m ˧˥
trán	ʈ a n ˧˥
tráng	ʈ a ŋ̚ ˧˥
tránh	ʈ a ɲ̚ ˧˥
tráo	ʈ a w ˧˥
trâm	ʈ ə m ˧
trân	ʈ ə n ˧
trâu	ʈ ə w ˧
trãi	ʈ a j ˧˥ʔ
trèo	ʈ ɛ w ˨˩
trên	ʈ e n ˧
trêu	ʈ e w ˧
trì	ʈ i ˨˩
trình	ʈ i ɲ̚ ˨˩
trìu	ʈ i w ˨˩
trí	ʈ i ˧˥
trích	ʈ i k̚ ˧˥
trò	ʈ ɔ ˨˩
tròn	ʈ ɔ n ˨˩
tròng	ʈ ɔ ŋ̚ ˨˩
tróc	ʈ ɔ k̚ ˧˥
trói	ʈ ɔ j ˧˥
trót	ʈ ɔ t̚ ˧˥
trôi	ʈ o j ˧
trông	ʈ o ŋ̚ ˧
trù	ʈ u ˨˩
trùm	ʈ u m ˨˩
trùng	ʈ u ŋ̚ ˨˩
trú	ʈ u ˧˥
trúc	ʈ u k̚ ˧˥
trúng	ʈ u ŋ̚ ˧˥
trút	ʈ u t̚ ˧˥
trăm	ʈ ɐ m ˧
trăn	ʈ ɐ n ˧
trăng	ʈ ɐ ŋ̚ ˧
trĩ	ʈ i ˧˥ʔ
trơ	ʈ ɤ ˧
trơn	ʈ ɤ n ˧
trưa	ʈ ɯ a ˧
trưng	ʈ ɯ ŋ̚ ˧
trương	ʈ ɯ ɤ ŋ̚ ˧
trước	ʈ ɯ ɤ k̚ ˧˥
trướng	ʈ ɯ ɤ ŋ̚ ˧˥
trườn	ʈ ɯ ɤ n ˨˩
trường	ʈ ɯ ɤ ŋ̚ ˨˩
trưởng	ʈ ɯ ɤ ŋ̚ ˧˩˧
trượt	ʈ ɯ ɤ t̚ ˨˩ʔ
trạch	ʈ a k̚ ˨˩ʔ
trại	ʈ a j ˨˩ʔ
trạm	ʈ a m ˨˩ʔ
trạng	ʈ a ŋ̚ ˨˩ʔ
trả	ʈ a ˧˩˧
trải	ʈ a j ˧˩˧
trảng	ʈ a ŋ̚ ˧˩˧
trấn	ʈ ə n ˧˥
trầm	ʈ ə m ˨˩
trần	ʈ ə n ˨˩
trầu	ʈ ə w ˨˩
trầy	ʈ ə j ˨˩
trẩy	ʈ ə j ˧˩˧
trận	ʈ ə n ˨˩ʔ
trật	ʈ ə t̚ ˨˩ʔ
trắc	ʈ ɐ k̚ ˧˥
trắng	ʈ ɐ ŋ̚ ˧˥
trằn	ʈ ɐ n ˨˩
trặc	ʈ ɐ k̚ ˨˩ʔ
trẹo	ʈ ɛ w ˨˩ʔ
trẻ	ʈ ɛ ˧˩˧
trẻo	ʈ ɛ w ˧˩˧
trẽn	ʈ ɛ n ˧˥ʔ
trễ	ʈ e ˧˥ʔ
trệ	ʈ e ˨˩ʔ
trệt	ʈ e t̚ ˨˩ʔ
trỉa	ʈ i a ˧˩˧
trị	ʈ i ˨˩ʔ
trịnh	ʈ i ɲ̚ ˨˩ʔ
trọ	ʈ ɔ ˨˩ʔ
trọc	ʈ ɔ k̚ ˨˩ʔ
trọi	ʈ ɔ j ˨˩ʔ
trọn	ʈ ɔ n ˨˩ʔ
trọng	ʈ ɔ ŋ̚ ˨˩ʔ
trọt	ʈ ɔ t̚ ˨˩ʔ
trỏ	ʈ ɔ ˧˩˧
trối	ʈ o j ˧˥
trốn	ʈ o n ˧˥
trống	ʈ o ŋ̚ ˧˥
trồ	ʈ o ˨˩
trồi	ʈ o j ˨˩
trồng	ʈ o ŋ̚ ˨˩
trổ	ʈ o ˧˩˧
trỗi	ʈ o j ˧˥ʔ
trội	ʈ o j ˨˩ʔ
trộm	ʈ o m ˨˩ʔ
trộn	ʈ o n ˨˩ʔ
trớ	ʈ ɤ ˧˥
trớn	ʈ ɤ n ˧˥
trời	ʈ ɤ j ˨˩
trở	ʈ ɤ ˧˩˧
trợ	ʈ ɤ ˨˩ʔ
trợn	ʈ ɤ n ˨˩ʔ
trụ	ʈ u ˨˩ʔ
trục	ʈ u k̚ ˨˩ʔ
trụi	ʈ u j ˨˩ʔ
trụy	ʈ u j ˨˩ʔ
trứ	ʈ ɯ ˧˥
trứng	ʈ ɯ ŋ̚ ˧˥
trừ	ʈ ɯ ˨˩
trừng	ʈ ɯ ŋ̚ ˨˩
trữ	ʈ ɯ ˧˥ʔ
trực	ʈ ɯ k̚ ˨˩ʔ
ts	spn
tu	t u ˧
tua	t u a ˧
tui	t u j ˧
tung	t u ŋ̚ ˧
tuy	t u j ˧
tuyên	t u i e n ˧
tuyến	t u i e n ˧˥
tuyết	t u i e t̚ ˧˥
tuyền	t u i e n ˨˩
tuyển	t u i e n ˧˩˧
tuyệt	t u i e t̚ ˨˩ʔ
tuân	t u ə n ˧
tuông	t u o ŋ̚ ˧
tuý	t u j ˧˥
tuýp	t u i p̚ ˧˥
tuýt	t u i t̚ ˧˥
tuấn	t u ə n ˧˥
tuất	t u ə t̚ ˧˥
tuần	t u ə n ˨˩
tuệ	t u e ˨˩ʔ
tuốt	t u o t̚ ˧˥
tuồn	t u o n ˨˩
tuồng	t u o ŋ̚ ˨˩
tuổi	t u o j ˧˩˧
tuộc	t u o k̚ ˨˩ʔ
tuột	t u o t̚ ˨˩ʔ
tuỳ	t u j ˨˩
tuỵ	t u j ˨˩ʔ
ty	t i ˧
tà	t a ˨˩
tài	t a j ˨˩
tàn	t a n ˨˩
tàng	t a ŋ̚ ˨˩
tành	t a ɲ̚ ˨˩
tào	t a w ˨˩
tàu	t a w ˨˩
tày	t a j ˨˩
tá	t a ˧˥
tác	t a k̚ ˧˥
tách	t a k̚ ˧˥
tái	t a j ˧˥
tám	t a m ˧˥
tán	t a n ˧˥
táng	t a ŋ̚ ˧˥
táo	t a w ˧˥
táp	t a p̚ ˧˥
tát	t a t̚ ˧˥
tâm	t ə m ˧
tân	t ə n ˧
tâng	t ə ŋ̚ ˧
tây	t ə j ˧
tã	t a ˧˥ʔ
té	t ɛ ˧˥
tê	t e ˧
tên	t e n ˧
tì	t i ˨˩
tìm	t i m ˨˩
tình	t i ɲ̚ ˨˩
tí	t i ˧˥
tía	t i a ˧˥
tích	t i k̚ ˧˥
tím	t i m ˧˥
tín	t i n ˧˥
tính	t i ɲ̚ ˧˥
tít	t i t̚ ˧˥
tíu	t i w ˧˥
tò	t ɔ ˨˩
tòa	t ɔ a ˨˩
tòi	t ɔ j ˨˩
tòng	t ɔ ŋ̚ ˨˩
tóc	t ɔ k̚ ˧˥
tóm	t ɔ m ˧˥
tóp	t ɔ p̚ ˧˥
tót	t ɔ t̚ ˧˥
tô	t o ˧
tôi	t o j ˧
tôm	t o m ˧
tôn	t o n ˧
tông	t o ŋ̚ ˧
tù	t u ˨˩
tùng	t u ŋ̚ ˨˩
tùy	t u j ˨˩
tú	t u ˧˥
túa	t u a ˧˥
túc	t u k̚ ˧˥
túi	t u j ˧˥
túm	t u m ˧˥
túng	t u ŋ̚ ˧˥
túp	t u p̚ ˧˥
tút	t u t̚ ˧˥
túy	t u j ˧˥
tý	t i ˧˥
tăm	t ɐ m ˧
tăn	t ɐ n ˧
tăng	t ɐ ŋ̚ ˧
tĩnh	t i ɲ̚ ˧˥ʔ
tĩu	t i w ˧˥ʔ
tơ	t ɤ ˧
tơi	t ɤ j ˧
tư	t ɯ ˧
tưng	t ɯ ŋ̚ ˧
tươi	t ɯ ɤ j ˧
tươm	t ɯ ɤ m ˧
tương	t ɯ ɤ ŋ̚ ˧
tước	t ɯ ɤ k̚ ˧˥
tưới	t ɯ ɤ j ˧˥
tướng	t ɯ ɤ ŋ̚ ˧˥
tường	t ɯ ɤ ŋ̚ ˨˩
tưởng	t ɯ ɤ ŋ̚ ˧˩˧
tược	t ɯ ɤ k̚ ˨˩ʔ
tượng	t ɯ ɤ ŋ̚ ˨˩ʔ
tạ	t a ˨˩ʔ
tạc	t a k̚ ˨˩ʔ
tại	t a j ˨˩ʔ
tạm	t a m ˨˩ʔ
tạng	t a ŋ̚ ˨˩ʔ
tạo	t a w ˨˩ʔ
tạp	t a p̚ ˨˩ʔ
tạt	t a t̚ ˨˩ʔ
tả	t a ˧˩˧
tải	t a j ˧˩˧
tản	t a n ˧˩˧
tảng	t a ŋ̚ ˧˩˧
tảo	t a w ˧˩˧
tấc	t ə k̚ ˧˥
tấm	t ə m ˧˥
tấn	t ə n ˧˥
tấp	t ə p̚ ˧˥
tất	t ə t̚ ˧˥
tấu	t ə w ˧˥
tấy	t ə j ˧˥
tầm	t ə m ˨˩
tần	t ə n ˨˩
tầng	t ə ŋ̚ ˨˩
tẩm	t ə m ˧˩˧
tẩu	t ə w ˧˩˧
tẩy	t ə j ˧˩˧
tậm	t ə m ˨˩ʔ
tận	t ə n ˨˩ʔ
tập	t ə p̚ ˨˩ʔ
tật	t ə t̚ ˨˩ʔ
tậu	t ə w ˨˩ʔ
tắc	t ɐ k̚ ˧˥
tắm	t ɐ m ˧˥
tắn	t ɐ n ˧˥
tắp	t ɐ p̚ ˧˥
tắt	t ɐ t̚ ˧˥
tằm	t ɐ m ˨˩
tằn	t ɐ n ˨˩
tặc	t ɐ k̚ ˨˩ʔ
tặn	t ɐ n ˨˩ʔ
tặng	t ɐ ŋ̚ ˨˩ʔ
tẻ	t ɛ ˧˩˧
tế	t e ˧˥
tết	t e t̚ ˧˥
tếu	t e w ˧˥
tề	t e ˨˩
tệ	t e ˨˩ʔ
tỉ	t i ˧˩˧
tỉa	t i a ˧˩˧
tỉnh	t i ɲ̚ ˧˩˧
tị	t i ˨˩ʔ
tịch	t i k̚ ˨˩ʔ
tịnh	t i ɲ̚ ˨˩ʔ
tọa	t ɔ a ˨˩ʔ
tỏ	t ɔ ˧˩˧
tỏa	t ɔ a ˧˩˧
tỏi	t ɔ j ˧˩˧
tố	t o ˧˥
tốc	t o k̚ ˧˥
tối	t o j ˧˥
tốn	t o n ˧˥
tống	t o ŋ̚ ˧˥
tốp	t o p̚ ˧˥
tốt	t o t̚ ˧˥
tồi	t o j ˨˩
tồn	t o n ˨˩
tổ	t o ˧˩˧
tổn	t o n ˧˩˧
tổng	t o ŋ̚ ˧˩˧
tộc	t o k̚ ˨˩ʔ
tội	t o j ˨˩ʔ
tột	t o t̚ ˨˩ʔ
tớ	t ɤ ˧˥
tới	t ɤ j ˧˥
tờ	t ɤ ˨˩
tởm	t ɤ m ˧˩˧
tợn	t ɤ n ˨˩ʔ
tụ	t u ˨˩ʔ
tục	t u k̚ ˨˩ʔ
tụi	t u j ˨˩ʔ
tụng	t u ŋ̚ ˨˩ʔ
tụt	t u t̚ ˨˩ʔ
tụy	t u j ˨˩ʔ
tủ	t u ˧˩˧
tủa	t u a ˧˩˧
tủi	t u j ˧˩˧
tủy	t u j ˧˩˧
tứ	t ɯ ˧˥
tức	t ɯ k̚ ˧˥
từ	t ɯ ˨˩
từng	t ɯ ŋ̚ ˨˩
tử	t ɯ ˧˩˧
tửng	t ɯ ŋ̚ ˧˩˧
tửu	t ɯ w ˧˩˧
tự	t ɯ ˨˩ʔ
tựa	t ɯ a ˨˩ʔ
tựu	t ɯ w ˨˩ʔ
tỳ	t i ˨˩
tỵ	t i ˨˩ʔ
tỷ	t i ˧˩˧
u	u ˧
um	u m ˧
ung	u ŋ̚ ˧
usd	u ˧
uy	u j ˧
uyên	u i e n ˧
uyển	u i e n ˧˩˧
uất	u ə t̚ ˧˥
uẩn	u ə n ˧˩˧
uế	u e ˧˥
uể	u e ˧˩˧
uốn	u o n ˧˥
uống	u o ŋ̚ ˧˥
uổng	u o ŋ̚ ˧˩˧
uỷ	u j ˧˩˧
v	spn
va	v a ˧
vai	v a j ˧
vali	v a j ˧
van	v a n ˧
vang	v a ŋ̚ ˧
vay	v a j ˧
ve	v ɛ ˧
ven	v ɛ n ˧
veo	v ɛ w ˧
vi	v i ˧
video	v i ɛ w ˧
vin	v i n ˧
vinh	v i ɲ̚ ˧
virus	v i u ˧
visa	v i a ˧
viêm	v i e m ˧
viên	v i e n ˧
viếng	v i e ŋ̚ ˧˥
viết	v i e t̚ ˧˥
viền	v i e n ˨˩
viễn	v i e n ˧˥ʔ
việc	v i e k̚ ˨˩ʔ
viện	v i e n ˨˩ʔ
việt	v i e t̚ ˨˩ʔ
vo	v ɔ ˧
voan	v ɔ a n ˧
voi	v ɔ j ˧
von	v ɔ n ˧
vong	v ɔ ŋ̚ ˧
voọc	v ɔ ɔ k̚ ˨˩ʔ
vu	v u ˧
vua	v u a ˧
vui	v u j ˧
vun	v u n ˧
vung	v u ŋ̚ ˧
vuông	v u o ŋ̚ ˧
vuốt	v u o t̚ ˧˥
vy	v i ˧
và	v a ˨˩
vài	v a j ˨˩
vàm	v a m ˨˩
vàn	v a n ˨˩
vàng	v a ŋ̚ ˨˩
vành	v a ɲ̚ ˨˩
vào	v a w ˨˩
vá	v a ˧˥
vác	v a k̚ ˧˥
vách	v a k̚ ˧˥
vái	v a j ˧˥
ván	v a n ˧˥
váng	v a ŋ̚ ˧˥
vánh	v a ɲ̚ ˧˥
vát	v a t̚ ˧˥
váy	v a j ˧˥
vân	v ə n ˧
vâng	v ə ŋ̚ ˧
vây	v ə j ˧
vã	v a ˧˥ʔ
vãi	v a j ˧˥ʔ
vãn	v a n ˧˥ʔ
vãng	v a ŋ̚ ˧˥ʔ
vãnh	v a ɲ̚ ˧˥ʔ
vèo	v ɛ w ˨˩
vé	v ɛ ˧˥
vén	v ɛ n ˧˥
véo	v ɛ w ˧˥
vét	v ɛ t̚ ˧˥
vênh	v e ɲ̚ ˧
vì	v i ˨˩
ví	v i ˧˥
vía	v i a ˧˥
vít	v i t̚ ˧˥
víu	v i w ˧˥
vò	v ɔ ˨˩
vòi	v ɔ j ˨˩
vòm	v ɔ m ˨˩
vòng	v ɔ ŋ̚ ˨˩
vó	v ɔ ˧˥
vóc	v ɔ k̚ ˧˥
vón	v ɔ n ˧˥
vót	v ɔ t̚ ˧˥
vô	v o ˧
vôi	v o j ˧
vông	v o ŋ̚ ˧
võ	v ɔ ˧˥ʔ
võng	v ɔ ŋ̚ ˧˥ʔ
vùi	v u j ˨˩
vùng	v u ŋ̚ ˨˩
vú	v u ˧˥
vút	v u t̚ ˧˥
văn	v ɐ n ˧
văng	v ɐ ŋ̚ ˧
vĩ	v i ˧˥ʔ
vĩnh	v i ɲ̚ ˧˥ʔ
vũ	v u ˧˥ʔ
vũng	v u ŋ̚ ˧˥ʔ
vơ	v ɤ ˧
vơi	v ɤ j ˧
vươn	v ɯ ɤ n ˧
vương	v ɯ ɤ ŋ̚ ˧
vướng	v ɯ ɤ ŋ̚ ˧˥
vườn	v ɯ ɤ n ˨˩
vượng	v ɯ ɤ ŋ̚ ˨˩ʔ
vượt	v ɯ ɤ t̚ ˨˩ʔ
vạ	v a ˨˩ʔ
vạc	v a k̚ ˨˩ʔ
vạch	v a k̚ ˨˩ʔ
vạn	v a n ˨˩ʔ
vạt	v a t̚ ˨˩ʔ
vả	v a ˧˩˧
vải	v a j ˧˩˧
vảy	v a j ˧˩˧
vấn	v ə n ˧˥
vấp	v ə p̚ ˧˥
vất	v ə t̚ ˧˥
vấy	v ə j ˧˥
vầng	v ə ŋ̚ ˨˩
vẩn	v ə n ˧˩˧
vẩy	v ə j ˧˩˧
vẫn	v ə n ˧˥ʔ
vẫy	v ə j ˧˥ʔ
vận	v ə n ˨˩ʔ
vật	v ə t̚ ˨˩ʔ
vậy	v ə j ˨˩ʔ
vắc	v ɐ k̚ ˧˥
vắn	v ɐ n ˧˥
vắng	v ɐ ŋ̚ ˧˥
vắt	v ɐ t̚ ˧˥
vằng	v ɐ ŋ̚ ˨˩
vẳng	v ɐ ŋ̚ ˧˩˧
vặn	v ɐ n ˨˩ʔ
vặt	v ɐ t̚ ˨˩ʔ
vẹn	v ɛ n ˨˩ʔ
vẹo	v ɛ w ˨˩ʔ
vẹt	v ɛ t̚ ˨˩ʔ
vẻ	v ɛ ˧˩˧
vẽ	v ɛ ˧˥ʔ
vế	v e ˧˥
vết	v e t̚ ˧˥
về	v e ˨˩
vệ	v e ˨˩ʔ
vệt	v e t̚ ˨˩ʔ
vỉa	v i a ˧˩˧
vị	v i ˨˩ʔ
vịn	v i n ˨˩ʔ
vịnh	v i ɲ̚ ˨˩ʔ
vịt	v i t̚ ˨˩ʔ
vọng	v ɔ ŋ̚ ˨˩ʔ
vọt	v ɔ t̚ ˨˩ʔ
vỏ	v ɔ ˧˩˧
vố	v o ˧˥
vối	v o j ˧˥
vốn	v o n ˧˥
vồ	v o ˨˩
vồn	v o n ˨˩
vồng	v o ŋ̚ ˨˩
vỗ	v o ˧˥ʔ
vội	v o j ˨˩ʔ
vớ	v ɤ ˧˥
với	v ɤ j ˧˥
vớt	v ɤ t̚ ˧˥
vờ	v ɤ ˨˩
vời	v ɤ j ˨˩
vở	v ɤ ˧˩˧
vỡ	v ɤ ˧˥ʔ
vợ	v ɤ ˨˩ʔ
vợi	v ɤ j ˨˩ʔ
vợt	v ɤ t̚ ˨˩ʔ
vụ	v u ˨˩ʔ
vụn	v u n ˨˩ʔ
vụng	v u ŋ̚ ˨˩ʔ
vụt	v u t̚ ˨˩ʔ
vức	v ɯ k̚ ˧˥
vứt	v ɯ t̚ ˧˥
vừa	v ɯ a ˨˩
vừng	v ɯ ŋ̚ ˨˩
vữa	v ɯ a ˧˥ʔ
vững	v ɯ ŋ̚ ˧˥ʔ
vực	v ɯ k̚ ˨˩ʔ
vựng	v ɯ ŋ̚ ˨˩ʔ
x	spn
xa	s a ˧
xanh	s a ɲ̚ ˧
xao	s a w ˧
xay	s a j ˧
xe	s ɛ ˧
xem	s ɛ m ˧
xen	s ɛ n ˧
xhcn	spn
xi	s i ˧
xin	s i n ˧
xinh	s i ɲ̚ ˧
xiêm	s i e m ˧
xiên	s i e n ˧
xiêu	s i e w ˧
xiếc	s i e k̚ ˧˥
xiết	s i e t̚ ˧˥
xo	s ɔ ˧
xoa	s ɔ a ˧
xoan	s ɔ a n ˧
xoang	s ɔ a ŋ̚ ˧
xoay	s ɔ a j ˧
xong	s ɔ ŋ̚ ˧
xoong	s ɔ ɔ ŋ̚ ˧
xoài	s ɔ a j ˨˩
xoàng	s ɔ a ŋ̚ ˨˩
xoá	s ɔ a ˧˥
xoáy	s ɔ a j ˧˥
xoăn	s ɔ ɐ n ˧
xoạc	s ɔ a k̚ ˨˩ʔ
xoắn	s ɔ ɐ n ˧˥
xu	s u ˧
xua	s u a ˧
xui	s u j ˧
xung	s u ŋ̚ ˧
xuyên	s u i e n ˧
xuyến	s u i e n ˧˥
xuân	s u ə n ˧
xuê	s u e ˧
xuôi	s u o j ˧
xuýt	s u i t̚ ˧˥
xuất	s u ə t̚ ˧˥
xuẩn	s u ə n ˧˩˧
xuể	s u e ˧˩˧
xuống	s u o ŋ̚ ˧˥
xuồng	s u o ŋ̚ ˨˩
xà	s a ˨˩
xài	s a j ˨˩
xào	s a w ˨˩
xá	s a ˧˥
xác	s a k̚ ˧˥
xách	s a k̚ ˧˥
xám	s a m ˧˥
xát	s a t̚ ˧˥
xâm	s ə m ˧
xâu	s ə w ˧
xây	s ə j ˧
xã	s a ˧˥ʔ
xèo	s ɛ w ˨˩
xé	s ɛ ˧˥
xém	s ɛ m ˧˥
xén	s ɛ n ˧˥
xéo	s ɛ w ˧˥
xét	s ɛ t̚ ˧˥
xê	s e ˧
xì	s i ˨˩
xí	s i ˧˥
xích	s i k̚ ˧˥
xít	s i t̚ ˧˥
xíu	s i w ˧˥
xòe	s ɔ ɛ ˨˩
xóa	s ɔ a ˧˥
xóc	s ɔ k̚ ˧˥
xói	s ɔ j ˧˥
xóm	s ɔ m ˧˥
xót	s ɔ t̚ ˧˥
xô	s o ˧
xôi	s o j ˧
xôn	s o n ˧
xông	s o ŋ̚ ˧
xõa	s ɔ a ˧˥ʔ
xù	s u ˨˩
xùm	s u m ˨˩
xú	s u ˧˥
xúc	s u k̚ ˧˥
xúy	s u j ˧˥
xăm	s ɐ m ˧
xăng	s ɐ ŋ̚ ˧
xơ	s ɤ ˧
xưa	s ɯ a ˧
xưanh	s ɯ a ɲ̚ ˧
xưng	s ɯ ŋ̚ ˧
xương	s ɯ ɤ ŋ̚ ˧
xước	s ɯ ɤ k̚ ˧˥
xướng	s ɯ ɤ ŋ̚ ˧˥
xưởng	s ɯ ɤ ŋ̚ ˧˩˧
xạ	s a ˨˩ʔ
xạo	s a w ˨˩ʔ
xả	s a ˧˩˧
xảo	s a w ˧˩˧
xảy	s a j ˧˩˧
xấp	s ə p̚ ˧˥
xấu	s ə w ˧˥
xẩy	s ə j ˧˩˧
xập	s ə p̚ ˨˩ʔ
xắn	s ɐ n ˧˥
xắt	s ɐ t̚ ˧˥
xẹp	s ɛ p̚ ˨˩ʔ
xẻ	s ɛ ˧˩˧
xẻng	s ɛ ŋ̚ ˧˩˧
xẻo	s ɛ w ˧˩˧
xế	s e ˧˥
xếch	s e k̚ ˧˥
xếp	s e p̚ ˧˥
xệ	s e ˨˩ʔ
xỉ	s i ˧˩˧
xỉa	s i a ˧˩˧
xỉn	s i n ˧˩˧
xỉu	s i w ˧˩˧
xị	s i ˨˩ʔ
xịn	s i n ˨˩ʔ
xịt	s i t̚ ˨˩ʔ
xỏ	s ɔ ˧˩˧
xối	s o j ˧˥
xốp	s o p̚ ˧˥
xổ	s o ˧˩˧
xổm	s o m ˧˩˧
xộn	s o n ˨˩ʔ
xụp	s u p̚ ˨˩ʔ
xứ	s ɯ ˧˥
xứng	s ɯ ŋ̚ ˧˥
xử	s ɯ ˧˩˧
y	i ˧
yoga	i ɔ a ˧
yên	i e n ˧
yêu	i e w ˧
yếm	i e m ˧˥
yến	i e n ˧˥
yết	i e t̚ ˧˥
yếu	i e w ˧˥
yểm	i e m ˧˩˧
yểu	i e w ˧˩˧
à	a ˨˩
ào	a w ˨˩
á	a ˧˥
ác	a k̚ ˧˥
ách	a k̚ ˧˥
ái	a j ˧˥
ám	a m ˧˥
án	a n ˧˥
áng	a ŋ̚ ˧˥
ánh	a ɲ̚ ˧˥
áo	a w ˧˥
áp	a p̚ ˧˥
át	a t̚ ˧˥
âm	ə m ˧
ân	ə n ˧
âu	ə w ˧
ã	a ˧˥ʔ
én	ɛ n ˧˥
éo	ɛ w ˧˥
ép	ɛ p̚ ˧˥
ê	e ˧
êm	e m ˧
ì	i ˨˩
ình	i ɲ̚ ˨˩
ích	i k̚ ˧˥
ín	i n ˧˥
ít	i t̚ ˧˥
òa	ɔ a ˨˩
ó	ɔ ˧˥
óc	ɔ k̚ ˧˥
ói	ɔ j ˧˥
óng	ɔ ŋ̚ ˧˥
ô	o ˧
ôi	o j ˧
ôm	o m ˧
ôn	o n ˧
ông	o ŋ̚ ˧
ôtô	o o ˧
ù	u ˨˩
ùa	u a ˨˩
ùn	u n ˨˩
ùng	u ŋ̚ ˨˩
ú	u ˧˥
úc	u k̚ ˧˥
úng	u ŋ̚ ˧˥
úp	u p̚ ˧˥
út	u t̚ ˧˥
úy	u j ˧˥
ý	i ˧˥
ăm	ɐ m ˧
ăn	ɐ n ˧
ăng	ɐ ŋ̚ ˧
đ	spn
đa	ɗ a ˧
đai	ɗ a j ˧
đam	ɗ a m ˧
đan	ɗ a n ˧
đang	ɗ a ŋ̚ ˧
đanh	ɗ a ɲ̚ ˧
đao	ɗ a w ˧
đau	ɗ a w ˧
đay	ɗ a j ˧
đe	ɗ ɛ ˧
đem	ɗ ɛ m ˧
đen	ɗ ɛ n ˧
đeo	ɗ ɛ w ˧
đi	ɗ i ˧
đicr	ɗ i ˧
đigiúp	ɗ i i u p̚ ˧˥
đinh	ɗ i ɲ̚ ˧
điên	ɗ i e n ˧
điêu	ɗ i e w ˧
điếc	ɗ i e k̚ ˧˥
điếm	ɗ i e m ˧˥
điềm	ɗ i e m ˨˩
điền	ɗ i e n ˨˩
điều	ɗ i e w ˨˩
điểm	ɗ i e m ˧˩˧
điển	ɗ i e n ˧˩˧
điểu	ɗ i e w ˧˩˧
điện	ɗ i e n ˨˩ʔ
điệp	ɗ i e p̚ ˨˩ʔ
điệu	ɗ i e w ˨˩ʔ
đo	ɗ ɔ ˧
đoan	ɗ ɔ a n ˧
đom	ɗ ɔ m ˧
đong	ɗ ɔ ŋ̚ ˧
đoàn	ɗ ɔ a n ˨˩
đoái	ɗ ɔ a j ˧˥
đoán	ɗ ɔ a n ˧˥
đoạn	ɗ ɔ a n ˨˩ʔ
đoạt	ɗ ɔ a t̚ ˨˩ʔ
đoản	ɗ ɔ a n ˧˩˧
đt	spn
đu	ɗ u ˧
đua	ɗ u a ˧
đun	ɗ u n ˧
đuôi	ɗ u o j ˧
đuối	ɗ u o j ˧˥
đuổi	ɗ u o j ˧˩˧
đà	ɗ a ˨˩
đài	ɗ a j ˨˩
đàm	ɗ a m ˨˩
đàn	ɗ a n ˨˩
đàng	ɗ a ŋ̚ ˨˩
đành	ɗ a ɲ̚ ˨˩
đào	ɗ a w ˨˩
đày	ɗ a j ˨˩
đá	ɗ a ˧˥
đác	ɗ a k̚ ˧˥
đái	ɗ a j ˧˥
đám	ɗ a m ˧˥
đán	ɗ a n ˧˥
đáng	ɗ a ŋ̚ ˧˥
đánh	ɗ a ɲ̚ ˧˥
đáo	ɗ a w ˧˥
đáp	ɗ a p̚ ˧˥
đáu	ɗ a w ˧˥
đáy	ɗ a j ˧˥
đâm	ɗ ə m ˧
đâu	ɗ ə w ˧
đây	ɗ ə j ˧
đã	ɗ a ˧˥ʔ
đãi	ɗ a j ˧˥ʔ
đãng	ɗ a ŋ̚ ˧˥ʔ
đè	ɗ ɛ ˨˩
đèn	ɗ ɛ n ˨˩
đèo	ɗ ɛ w ˨˩
đét	ɗ ɛ t̚ ˧˥
đê	ɗ e ˧
đêm	ɗ e m ˧
đình	ɗ i ɲ̚ ˨˩
đìu	ɗ i w ˨˩
đích	ɗ i k̚ ˧˥
đính	ɗ i ɲ̚ ˧˥
đò	ɗ ɔ ˨˩
đòi	ɗ ɔ j ˨˩
đòn	ɗ ɔ n ˨˩
đó	ɗ ɔ ˧˥
đóa	ɗ ɔ a ˧˥
đói	ɗ ɔ j ˧˥
đóm	ɗ ɔ m ˧˥
đón	ɗ ɔ n ˧˥
đóng	ɗ ɔ ŋ̚ ˧˥
đô	ɗ o ˧
đôi	ɗ o j ˧
đôn	ɗ o n ˧
đông	ɗ o ŋ̚ ˧
đùa	ɗ u a ˨˩
đùi	ɗ u j ˨˩
đùm	ɗ u m ˨˩
đùng	ɗ u ŋ̚ ˨˩
đúc	ɗ u k̚ ˧˥
đúng	ɗ u ŋ̚ ˧˥
đăng	ɗ ɐ ŋ̚ ˧
đĩa	ɗ i a ˧˥ʔ
đĩnh	ɗ i ɲ̚ ˧˥ʔ
đũa	ɗ u a ˧˥ʔ
đơ	ɗ ɤ ˧
đơm	ɗ ɤ m ˧
đơn	ɗ ɤ n ˧
đưa	ɗ ɯ a ˧
đương	ɗ ɯ ɤ ŋ̚ ˧
đước	ɗ ɯ ɤ k̚ ˧˥
đường	ɗ ɯ ɤ ŋ̚ ˨˩
được	ɗ ɯ ɤ k̚ ˨˩ʔ
đượm	ɗ ɯ ɤ m ˨˩ʔ
đạc	ɗ a k̚ ˨˩ʔ
đại	ɗ a j ˨˩ʔ
đạm	ɗ a m ˨˩ʔ
đạn	ɗ a n ˨˩ʔ
đạo	ɗ a w ˨˩ʔ
đạp	ɗ a p̚ ˨˩ʔ
đạt	ɗ a t̚ ˨˩ʔ
đả	ɗ a ˧˩˧
đảm	ɗ a m ˧˩˧
đản	ɗ a n ˧˩˧
đảng	ɗ a ŋ̚ ˧˩˧
đảo	ɗ a w ˧˩˧
đấm	ɗ ə m ˧˥
đấng	ɗ ə ŋ̚ ˧˥
đất	ɗ ə t̚ ˧˥
đấu	ɗ ə w ˧˥
đấy	ɗ ə j ˧˥
đầm	ɗ ə m ˨˩
đần	ɗ ə n ˨˩
đầu	ɗ ə w ˨˩
đầy	ɗ ə j ˨˩
đẩy	ɗ ə j ˧˩˧
đẫm	ɗ ə m ˧˥ʔ
đậm	ɗ ə m ˨˩ʔ
đận	ɗ ə n ˨˩ʔ
đập	ɗ ə p̚ ˨˩ʔ
đậu	ɗ ə w ˨˩ʔ
đậy	ɗ ə j ˨˩ʔ
đắc	ɗ ɐ k̚ ˧˥
đắm	ɗ ɐ m ˧˥
đắn	ɗ ɐ n ˧˥
đắng	ɗ ɐ ŋ̚ ˧˥
đắp	ɗ ɐ p̚ ˧˥
đắt	ɗ ɐ t̚ ˧˥
đằm	ɗ ɐ m ˨˩
đằng	ɗ ɐ ŋ̚ ˨˩
đẳng	ɗ ɐ ŋ̚ ˧˩˧
đẵng	ɗ ɐ ŋ̚ ˧˥ʔ
đặc	ɗ ɐ k̚ ˨˩ʔ
đặn	ɗ ɐ n ˨˩ʔ
đặng	ɗ ɐ ŋ̚ ˨˩ʔ
đặt	ɗ ɐ t̚ ˨˩ʔ
đẹp	ɗ ɛ p̚ ˨˩ʔ
đẻ	ɗ ɛ ˧˩˧
đẽ	ɗ ɛ ˧˥ʔ
đế	ɗ e ˧˥
đếm	ɗ e m ˧˥
đến	ɗ e n ˧˥
đề	ɗ e ˨˩
đềm	ɗ e m ˨˩
đền	ɗ e n ˨˩
đều	ɗ e w ˨˩
để	ɗ e ˧˩˧
đểu	ɗ e w ˧˩˧
đễ	ɗ e ˧˥ʔ
đệ	ɗ e ˨˩ʔ
đệm	ɗ e m ˨˩ʔ
đỉnh	ɗ i ɲ̚ ˧˩˧
địa	ɗ i a ˨˩ʔ
địch	ɗ i k̚ ˨˩ʔ
định	ɗ i ɲ̚ ˨˩ʔ
địu	ɗ i w ˨˩ʔ
đọ	ɗ ɔ ˨˩ʔ
đọa	ɗ ɔ a ˨˩ʔ
đọc	ɗ ɔ k̚ ˨˩ʔ
đọng	ɗ ɔ ŋ̚ ˨˩ʔ
đỏ	ɗ ɔ ˧˩˧
đố	ɗ o ˧˥
đốc	ɗ o k̚ ˧˥
đối	ɗ o j ˧˥
đốm	ɗ o m ˧˥
đốn	ɗ o n ˧˥
đống	ɗ o ŋ̚ ˧˥
đốt	ɗ o t̚ ˧˥
đồ	ɗ o ˨˩
đồi	ɗ o j ˨˩
đồn	ɗ o n ˨˩
đồng	ɗ o ŋ̚ ˨˩
đổ	ɗ o ˧˩˧
đổi	ɗ o j ˧˩˧
đổng	ɗ o ŋ̚ ˧˩˧
đỗ	ɗ o ˧˥ʔ
đỗi	ɗ o j ˧˥ʔ
độ	ɗ o ˨˩ʔ
độc	ɗ o k̚ ˨˩ʔ
đội	ɗ o j ˨˩ʔ
độn	ɗ o n ˨˩ʔ
động	ɗ o ŋ̚ ˨˩ʔ
đột	ɗ o t̚ ˨˩ʔ
đới	ɗ ɤ j ˧˥
đớn	ɗ ɤ n ˧˥
đớp	ɗ ɤ p̚ ˧˥
đờ	ɗ ɤ ˨˩
đời	ɗ ɤ j ˨˩
đờm	ɗ ɤ m ˨˩
đờn	ɗ ɤ n ˨˩
đỡ	ɗ ɤ ˧˥ʔ
đợi	ɗ ɤ j ˨˩ʔ
đợt	ɗ ɤ t̚ ˨˩ʔ
đục	ɗ u k̚ ˨˩ʔ
đụng	ɗ u ŋ̚ ˨˩ʔ
đủ	ɗ u ˧˩˧
đủi	ɗ u j ˧˩˧
đủng	ɗ u ŋ̚ ˧˩˧
đứa	ɗ ɯ a ˧˥
đức	ɗ ɯ k̚ ˧˥
đứng	ɗ ɯ ŋ̚ ˧˥
đứt	ɗ ɯ t̚ ˧˥
đừng	ɗ ɯ ŋ̚ ˨˩
đựng	ɗ ɯ ŋ̚ ˨˩ʔ
ĩ	i ˧˥ʔ
ơ	ɤ ˧
ơi	ɤ j ˧
ơn	ɤ n ˧
ư	ɯ ˧
ưa	ɯ a ˧
ưng	ɯ ŋ̚ ˧
ưu	ɯ w ˧
ươi	ɯ ɤ j ˧
ươm	ɯ ɤ m ˧
ươn	ɯ ɤ n ˧
ương	ɯ ɤ ŋ̚ ˧
ước	ɯ ɤ k̚ ˧˥
ướm	ɯ ɤ m ˧˥
ướp	ɯ ɤ p̚ ˧˥
ướt	ɯ ɤ t̚ ˧˥
ưỡn	ɯ ɤ n ˧˥ʔ
ạ	a ˨˩ʔ
ạt	a t̚ ˨˩ʔ
ả	a ˧˩˧
ải	a j ˧˩˧
ảm	a m ˧˩˧
ảnh	a ɲ̚ ˧˩˧
ảo	a w ˧˩˧
ấm	ə m ˧˥
ấn	ə n ˧˥
ấp	ə p̚ ˧˥
ất	ə t̚ ˧˥
ấu	ə w ˧˥
ấy	ə j ˧˥
ầm	ə m ˨˩
ầu	ə w ˨˩
ẩm	ə m ˧˩˧
ẩn	ə n ˧˩˧
ẩu	ə w ˧˩˧
ập	ə p̚ ˨˩ʔ
ắc	ɐ k̚ ˧˥
ắng	ɐ ŋ̚ ˧˥
ắp	ɐ p̚ ˧˥
ắt	ɐ t̚ ˧˥
ẵm	ɐ m ˧˥ʔ
ẹp	ɛ p̚ ˨˩ʔ
ế	e ˧˥
ếch	e k̚ ˧˥
ệ	e ˨˩ʔ
ỉ	i ˧˩˧
ỉm	i m ˧˩˧
ị	i ˨˩ʔ
ọe	ɔ ɛ ˨˩ʔ
ọp	ɔ p̚ ˨˩ʔ
ỏi	ɔ j ˧˩˧
ố	o ˧˥
ốc	o k̚ ˧˥
ối	o j ˧˥
ốm	o m ˧˥
ống	o ŋ̚ ˧˥
ốp	o p̚ ˧˥
ốt	o t̚ ˧˥
ồ	o ˨˩
ồn	o n ˨˩
ổ	o ˧˩˧
ổi	o j ˧˩˧
ổn	o n ˧˩˧
ổng	o ŋ̚ ˧˩˧
ới	ɤ j ˧˥
ớn	ɤ n ˧˥
ớt	ɤ t̚ ˧˥
ờ	ɤ ˨˩
ở	ɤ ˧˩˧
ỡm	ɤ m ˧˥ʔ
ợ	ɤ ˨˩ʔ
ụ	u ˨˩ʔ
ủ	u ˧˩˧
ủi	u j ˧˩˧
ủng	u ŋ̚ ˧˩˧
ủy	u j ˧˩˧
ứ	ɯ ˧˥
ứa	ɯ a ˧˥
ức	ɯ k̚ ˧˥
ứng	ɯ ŋ̚ ˧˥
ừ	ɯ ˨˩
ửng	ɯ ŋ̚ ˧˩˧
ỷ	i ˧˩˧
